2.560000e+02, -3.613724e+01
2.562500e+02, 2.458599e+01
2.565000e+02, 9.392659e+01
2.567500e+02, 9.207348e+01
2.570000e+02, 3.127226e+01
2.572500e+02, 3.751234e+01
2.575000e+02, 4.268772e+01
2.577500e+02, -1.774609e+01
2.580000e+02, -8.553842e+01
2.582500e+02, -1.213335e+02
2.585000e+02, -8.191252e+01
2.587500e+02, -3.550261e+01
2.590000e+02, 3.926859e+01
2.592500e+02, 3.331282e+01
2.595000e+02, 1.798479e+01
2.597500e+02, 5.360179e+01
2.600000e+02, 9.315760e+01
2.602500e+02, 6.654458e+01
2.605000e+02, 4.795856e+01
2.607500e+02, 4.135677e+01
2.610000e+02, 8.544715e+01
2.612500e+02, 8.505032e+01
2.615000e+02, -2.400457e+01
2.617500e+02, -6.991265e+01
2.620000e+02, -4.395385e+01
2.622500e+02, -2.921383e+01
2.625000e+02, -2.203638e+01
2.627500e+02, -9.535877e+01
2.630000e+02, -8.734701e+01
2.632500e+02, -1.377114e+01
2.635000e+02, 1.821824e+01
2.637500e+02, 8.224125e+01
2.640000e+02, 6.782442e+01
2.642500e+02, 1.407362e+01
2.645000e+02, -1.888875e+01
2.647500e+02, -9.082970e+01
2.650000e+02, -1.204158e+02
2.652500e+02, -8.966202e+01
2.655000e+02, -8.836221e+01
2.657500e+02, -5.973897e+01
2.660000e+02, -6.306808e+01
2.662500e+02, -3.286835e+01
2.665000e+02, -8.042068e+01
2.667500e+02, -1.173163e+02
2.670000e+02, -8.756411e+01
2.672500e+02, -6.555322e+01
2.675000e+02, -3.665634e+01
2.677500e+02, -5.816311e+00
2.680000e+02, 5.781396e+01
2.682500e+02, 7.620455e+01
2.685000e+02, 7.064604e+01
2.687500e+02, 5.753729e+01
2.690000e+02, 7.583309e+01
2.692500e+02, 1.196739e+02
2.695000e+02, 9.032668e+01
2.697500e+02, -2.929977e+00
2.700000e+02, -7.424468e+01
2.702500e+02, -5.174057e+01
2.705000e+02, -2.101649e+01
2.707500e+02, -3.486824e-01
2.710000e+02, -2.223793e+00
2.712500e+02, 3.264816e+01
2.715000e+02, 1.883197e+01
2.717500e+02, 4.391598e+01
2.720000e+02, 3.411758e+01
2.722500e+02, -6.630283e+00
2.725000e+02, 5.651828e+01
2.727500e+02, 8.149678e+01
2.730000e+02, 6.210471e+01
2.732500e+02, 6.702349e+01
2.735000e+02, 9.639984e+00
2.737500e+02, 1.759842e+01
2.740000e+02, -8.755418e+00
2.742500e+02, -5.744534e+01
2.745000e+02, -1.205750e+01
2.747500e+02, 3.081845e+01
2.750000e+02, -4.280434e+00
2.752500e+02, -7.253911e+01
2.755000e+02, -3.006877e+01
2.757500e+02, -5.637825e+00
2.760000e+02, -1.084400e+01
2.762500e+02, -5.178012e+01
2.765000e+02, -5.177771e+01
2.767500e+02, 4.943088e+00
2.770000e+02, 9.123533e+01
2.772500e+02, 1.234807e+02
2.775000e+02, 1.042427e+02
2.777500e+02, 1.064502e+02
2.780000e+02, 1.027503e+02
2.782500e+02, 8.304718e+01
2.785000e+02, 1.415865e+02
2.787500e+02, 1.139126e+02
2.790000e+02, 1.361793e+02
2.792500e+02, 2.091377e+02
2.795000e+02, 2.283343e+02
2.797500e+02, 2.104848e+02
2.800000e+02, 2.491473e+02
2.802500e+02, 2.835875e+02
2.805000e+02, 3.791189e+02
2.807500e+02, 4.785728e+02
2.810000e+02, 5.513481e+02
2.812500e+02, 6.434299e+02
2.815000e+02, 7.882512e+02
2.817500e+02, 1.020069e+03
2.820000e+02, 1.285779e+03
2.822500e+02, 1.446860e+03
2.825000e+02, 1.682189e+03
2.827500e+02, 1.866185e+03
2.830000e+02, 2.080157e+03
2.832500e+02, 2.405734e+03
2.835000e+02, 2.707193e+03
2.837500e+02, 2.977591e+03
2.840000e+02, 3.166726e+03
2.842500e+02, 3.313019e+03
2.845000e+02, 3.400772e+03
2.847500e+02, 3.383935e+03
2.850000e+02, 3.350580e+03
2.852500e+02, 3.450215e+03
2.855000e+02, 3.497085e+03
2.857500e+02, 3.564018e+03
2.860000e+02, 3.573421e+03
2.862500e+02, 3.539959e+03
2.865000e+02, 3.546621e+03
2.867500e+02, 3.497276e+03
2.870000e+02, 3.496571e+03
2.872500e+02, 3.711591e+03
2.875000e+02, 3.768750e+03
2.877500e+02, 3.711011e+03
2.880000e+02, 3.775000e+03
2.882500e+02, 3.950294e+03
2.885000e+02, 4.228167e+03
2.887500e+02, 4.460725e+03
2.890000e+02, 4.579752e+03
2.892500e+02, 4.719850e+03
2.895000e+02, 4.930345e+03
2.897500e+02, 5.167626e+03
2.900000e+02, 5.417221e+03
2.902500e+02, 5.565204e+03
2.905000e+02, 5.721468e+03
2.907500e+02, 5.777525e+03
2.910000e+02, 5.885211e+03
2.912500e+02, 6.012193e+03
2.915000e+02, 6.061565e+03
2.917500e+02, 6.003805e+03
2.920000e+02, 6.096896e+03
2.922500e+02, 6.267973e+03
2.925000e+02, 6.353732e+03
2.927500e+02, 6.312768e+03
2.930000e+02, 6.298474e+03
2.932500e+02, 6.277115e+03
2.935000e+02, 6.196959e+03
2.937500e+02, 6.221894e+03
2.940000e+02, 6.325504e+03
2.942500e+02, 6.389959e+03
2.945000e+02, 6.479084e+03
2.947500e+02, 6.536526e+03
2.950000e+02, 6.518146e+03
2.952500e+02, 6.508531e+03
2.955000e+02, 6.503088e+03
2.957500e+02, 6.565784e+03
2.960000e+02, 6.552699e+03
2.962500e+02, 6.498649e+03
2.965000e+02, 6.425689e+03
2.967500e+02, 6.343257e+03
2.970000e+02, 6.444083e+03
2.972500e+02, 6.603279e+03
2.975000e+02, 6.637062e+03
2.977500e+02, 6.656575e+03
2.980000e+02, 6.601058e+03
2.982500e+02, 6.533757e+03
2.985000e+02, 6.544053e+03
2.987500e+02, 6.608241e+03
2.990000e+02, 6.579347e+03
2.992500e+02, 6.620883e+03
2.995000e+02, 6.628214e+03
2.997500e+02, 6.764648e+03
3.000000e+02, 6.965164e+03
3.002500e+02, 7.170400e+03
3.005000e+02, 7.120186e+03
3.007500e+02, 6.906938e+03
3.010000e+02, 6.708034e+03
3.012500e+02, 6.590814e+03
3.015000e+02, 6.521772e+03
3.017500e+02, 6.624878e+03
3.020000e+02, 6.662103e+03
3.022500e+02, 6.625174e+03
3.025000e+02, 6.663260e+03
3.027500e+02, 6.615456e+03
3.030000e+02, 6.551193e+03
3.032500e+02, 6.580922e+03
3.035000e+02, 6.604277e+03
3.037500e+02, 6.676891e+03
3.040000e+02, 6.575670e+03
3.042500e+02, 6.489416e+03
3.045000e+02, 6.491074e+03
3.047500e+02, 6.493606e+03
3.050000e+02, 6.574283e+03
3.052500e+02, 6.574702e+03
3.055000e+02, 6.533407e+03
3.057500e+02, 6.597471e+03
3.060000e+02, 6.554281e+03
3.062500e+02, 6.491614e+03
3.065000e+02, 6.455810e+03
3.067500e+02, 6.512926e+03
3.070000e+02, 6.464392e+03
3.072500e+02, 6.394441e+03
3.075000e+02, 6.418469e+03
3.077500e+02, 6.467978e+03
3.080000e+02, 6.501035e+03
3.082500e+02, 6.464614e+03
3.085000e+02, 6.470705e+03
3.087500e+02, 6.459700e+03
3.090000e+02, 6.443656e+03
3.092500e+02, 6.348675e+03
3.095000e+02, 6.278979e+03
3.097500e+02, 6.263940e+03
3.100000e+02, 6.321088e+03
3.102500e+02, 6.379893e+03
3.105000e+02, 6.397807e+03
3.107500e+02, 6.428227e+03
3.110000e+02, 6.419237e+03
3.112500e+02, 6.460857e+03
3.115000e+02, 6.490072e+03
3.117500e+02, 6.474202e+03
3.120000e+02, 6.478025e+03
3.122500e+02, 6.473020e+03
3.125000e+02, 6.526411e+03
3.127500e+02, 6.548547e+03
3.130000e+02, 6.567833e+03
3.132500e+02, 6.608606e+03
3.135000e+02, 6.633378e+03
3.137500e+02, 6.584500e+03
3.140000e+02, 6.621927e+03
3.142500e+02, 6.670840e+03
3.145000e+02, 6.763138e+03
3.147500e+02, 6.827489e+03
3.150000e+02, 6.842334e+03
3.152500e+02, 6.832371e+03
3.155000e+02, 6.891296e+03
3.157500e+02, 6.968630e+03
3.160000e+02, 7.075426e+03
3.162500e+02, 6.997426e+03
3.165000e+02, 6.888557e+03
3.167500e+02, 6.877955e+03
3.170000e+02, 6.904062e+03
3.172500e+02, 6.992751e+03
3.175000e+02, 7.068972e+03
3.177500e+02, 7.115900e+03
3.180000e+02, 7.271464e+03
3.182500e+02, 7.306880e+03
3.185000e+02, 7.279840e+03
3.187500e+02, 7.272586e+03
3.190000e+02, 7.186803e+03
3.192500e+02, 7.108106e+03
3.195000e+02, 7.154606e+03
3.197500e+02, 7.241930e+03
3.200000e+02, 7.339948e+03
3.202500e+02, 7.347827e+03
3.205000e+02, 7.377819e+03
3.207500e+02, 7.392530e+03
3.210000e+02, 7.368244e+03
3.212500e+02, 7.401520e+03
3.215000e+02, 7.316099e+03
3.217500e+02, 7.266284e+03
3.220000e+02, 7.291306e+03
3.222500e+02, 7.352070e+03
3.225000e+02, 7.296360e+03
3.227500e+02, 7.407896e+03
3.230000e+02, 7.414733e+03
3.232500e+02, 7.349527e+03
3.235000e+02, 7.427646e+03
3.237500e+02, 7.516055e+03
3.240000e+02, 7.514145e+03
3.242500e+02, 7.507543e+03
3.245000e+02, 7.455579e+03
3.247500e+02, 7.468870e+03
3.250000e+02, 7.471153e+03
3.252500e+02, 7.511354e+03
3.255000e+02, 7.525303e+03
3.257500e+02, 7.533508e+03
3.260000e+02, 7.598147e+03
3.262500e+02, 7.617614e+03
3.265000e+02, 7.538724e+03
3.267500e+02, 7.559409e+03
3.270000e+02, 7.589237e+03
3.272500e+02, 7.637277e+03
3.275000e+02, 7.610031e+03
3.277500e+02, 7.560335e+03
3.280000e+02, 7.598741e+03
3.282500e+02, 7.644940e+03
3.285000e+02, 7.687186e+03
3.287500e+02, 7.683987e+03
3.290000e+02, 7.597910e+03
3.292500e+02, 7.511871e+03
3.295000e+02, 7.490887e+03
3.297500e+02, 7.452955e+03
3.300000e+02, 7.406194e+03
3.302500e+02, 7.437645e+03
3.305000e+02, 7.449260e+03
3.307500e+02, 7.500229e+03
3.310000e+02, 7.457005e+03
3.312500e+02, 7.422678e+03
3.315000e+02, 7.463495e+03
3.317500e+02, 7.446793e+03
3.320000e+02, 7.404615e+03
3.322500e+02, 7.372625e+03
3.325000e+02, 7.377097e+03
3.327500e+02, 7.348487e+03
3.330000e+02, 7.347842e+03
3.332500e+02, 7.355099e+03
3.335000e+02, 7.372552e+03
3.337500e+02, 7.361738e+03
3.340000e+02, 7.373971e+03
3.342500e+02, 7.324231e+03
3.345000e+02, 7.278166e+03
3.347500e+02, 7.253046e+03
3.350000e+02, 7.260371e+03
3.352500e+02, 7.243973e+03
3.355000e+02, 7.279557e+03
3.357500e+02, 7.229057e+03
3.360000e+02, 7.227720e+03
3.362500e+02, 7.323293e+03
3.365000e+02, 7.344284e+03
3.367500e+02, 7.318472e+03
3.370000e+02, 7.330196e+03
3.372500e+02, 7.223369e+03
3.375000e+02, 7.184492e+03
3.377500e+02, 7.108632e+03
3.380000e+02, 7.140984e+03
3.382500e+02, 7.229876e+03
3.385000e+02, 7.192365e+03
3.387500e+02, 7.159604e+03
3.390000e+02, 7.162919e+03
3.392500e+02, 7.133648e+03
3.395000e+02, 7.159659e+03
3.397500e+02, 7.176133e+03
3.400000e+02, 7.119392e+03
3.402500e+02, 7.122172e+03
3.405000e+02, 7.151659e+03
3.407500e+02, 7.162683e+03
3.410000e+02, 7.182190e+03
3.412500e+02, 7.213299e+03
3.415000e+02, 7.234790e+03
3.417500e+02, 7.260950e+03
3.420000e+02, 7.153262e+03
3.422500e+02, 7.139689e+03
3.425000e+02, 7.130222e+03
3.427500e+02, 7.144591e+03
3.430000e+02, 7.142029e+03
3.432500e+02, 7.065223e+03
3.435000e+02, 7.031319e+03
3.437500e+02, 7.069297e+03
3.440000e+02, 7.031039e+03
3.442500e+02, 7.036248e+03
3.445000e+02, 7.040053e+03
3.447500e+02, 7.012405e+03
3.450000e+02, 7.000023e+03
3.452500e+02, 6.948001e+03
3.455000e+02, 6.992865e+03
3.457500e+02, 6.979395e+03
3.460000e+02, 6.944275e+03
3.462500e+02, 6.966971e+03
3.465000e+02, 7.007230e+03
3.467500e+02, 6.964006e+03
3.470000e+02, 6.939356e+03
3.472500e+02, 6.958642e+03
3.475000e+02, 6.988886e+03
3.477500e+02, 7.005137e+03
3.480000e+02, 6.988630e+03
3.482500e+02, 6.996125e+03
3.485000e+02, 6.993833e+03
3.487500e+02, 6.937111e+03
3.490000e+02, 6.971581e+03
3.492500e+02, 7.038506e+03
3.495000e+02, 7.102499e+03
3.497500e+02, 7.043457e+03
3.500000e+02, 6.921692e+03
3.502500e+02, 6.903469e+03
3.505000e+02, 6.908671e+03
3.507500e+02, 6.932246e+03
3.510000e+02, 6.976707e+03
3.512500e+02, 7.014917e+03
3.515000e+02, 7.022896e+03
3.517500e+02, 7.041038e+03
3.520000e+02, 6.978745e+03
3.522500e+02, 6.997583e+03
3.525000e+02, 6.979712e+03
3.527500e+02, 6.872606e+03
3.530000e+02, 6.873622e+03
3.532500e+02, 6.911361e+03
3.535000e+02, 6.910225e+03
3.537500e+02, 6.896727e+03
3.540000e+02, 6.920579e+03
3.542500e+02, 6.956254e+03
3.545000e+02, 6.941263e+03
3.547500e+02, 6.898031e+03
3.550000e+02, 6.921054e+03
3.552500e+02, 6.943741e+03
3.555000e+02, 6.906322e+03
3.557500e+02, 6.903201e+03
3.560000e+02, 6.865569e+03
3.562500e+02, 6.813372e+03
3.565000e+02, 6.814558e+03
3.567500e+02, 6.862043e+03
3.570000e+02, 6.877696e+03
3.572500e+02, 6.863829e+03
3.575000e+02, 6.804165e+03
3.577500e+02, 6.794836e+03
3.580000e+02, 6.756596e+03
3.582500e+02, 6.720793e+03
3.585000e+02, 6.674797e+03
3.587500e+02, 6.633010e+03
3.590000e+02, 6.679834e+03
3.592500e+02, 6.690585e+03
3.595000e+02, 6.626212e+03
3.597500e+02, 6.618371e+03
3.600000e+02, 6.588456e+03
3.602500e+02, 6.574667e+03
3.605000e+02, 6.610625e+03
3.607500e+02, 6.591064e+03
3.610000e+02, 6.617663e+03
3.612500e+02, 6.612925e+03
3.615000e+02, 6.626803e+03
3.617500e+02, 6.655299e+03
3.620000e+02, 6.609742e+03
3.622500e+02, 6.630701e+03
3.625000e+02, 6.719480e+03
3.627500e+02, 6.761222e+03
3.630000e+02, 6.723949e+03
3.632500e+02, 6.615467e+03
3.635000e+02, 6.592875e+03
3.637500e+02, 6.645790e+03
3.640000e+02, 6.642142e+03
3.642500e+02, 6.661397e+03
3.645000e+02, 6.699536e+03
3.647500e+02, 6.616611e+03
3.650000e+02, 6.596307e+03
3.652500e+02, 6.571268e+03
3.655000e+02, 6.539210e+03
3.657500e+02, 6.439888e+03
3.660000e+02, 6.390986e+03
3.662500e+02, 6.324031e+03
3.665000e+02, 6.358995e+03
3.667500e+02, 6.434246e+03
3.670000e+02, 6.544226e+03
3.672500e+02, 6.649729e+03
3.675000e+02, 6.495530e+03
3.677500e+02, 6.449266e+03
3.680000e+02, 6.417367e+03
3.682500e+02, 6.395575e+03
3.685000e+02, 6.417708e+03
3.687500e+02, 6.380577e+03
3.690000e+02, 6.340878e+03
3.692500e+02, 6.358576e+03
3.695000e+02, 6.357875e+03
3.697500e+02, 6.385637e+03
3.700000e+02, 6.390500e+03
3.702500e+02, 6.332845e+03
3.705000e+02, 6.330039e+03
3.707500e+02, 6.318756e+03
3.710000e+02, 6.318537e+03
3.712500e+02, 6.364553e+03
3.715000e+02, 6.358896e+03
3.717500e+02, 6.343430e+03
3.720000e+02, 6.335959e+03
3.722500e+02, 6.266318e+03
3.725000e+02, 6.236378e+03
3.727500e+02, 6.261783e+03
3.730000e+02, 6.224150e+03
3.732500e+02, 6.218121e+03
3.735000e+02, 6.173861e+03
3.737500e+02, 6.210796e+03
3.740000e+02, 6.232005e+03
3.742500e+02, 6.214290e+03
3.745000e+02, 6.142736e+03
3.747500e+02, 6.107192e+03
3.750000e+02, 6.140981e+03
3.752500e+02, 6.171290e+03
3.755000e+02, 6.161573e+03
3.757500e+02, 6.140109e+03
3.760000e+02, 6.091026e+03
3.762500e+02, 6.082735e+03
3.765000e+02, 6.074613e+03
3.767500e+02, 6.095027e+03
3.770000e+02, 6.137386e+03
3.772500e+02, 6.144894e+03
3.775000e+02, 6.131978e+03
3.777500e+02, 6.065223e+03
3.780000e+02, 6.050749e+03
3.782500e+02, 6.047256e+03
3.785000e+02, 6.042727e+03
3.787500e+02, 6.019468e+03
3.790000e+02, 5.975201e+03
3.792500e+02, 5.934871e+03
3.795000e+02, 5.961866e+03
3.797500e+02, 5.976013e+03
3.800000e+02, 5.946182e+03
3.802500e+02, 5.943103e+03
3.805000e+02, 5.955449e+03
3.807500e+02, 5.931680e+03
3.810000e+02, 5.956904e+03
3.812500e+02, 5.951644e+03
3.815000e+02, 5.905277e+03
3.817500e+02, 5.844036e+03
3.820000e+02, 5.793034e+03
3.822500e+02, 5.765002e+03
3.825000e+02, 5.792290e+03
3.827500e+02, 5.829581e+03
3.830000e+02, 5.827587e+03
3.832500e+02, 5.799898e+03
3.835000e+02, 5.784076e+03
3.837500e+02, 5.799891e+03
3.840000e+02, 5.857729e+03
3.842500e+02, 5.905530e+03
3.845000e+02, 5.958874e+03
3.847500e+02, 5.936214e+03
3.850000e+02, 5.840639e+03
3.852500e+02, 5.807719e+03
3.855000e+02, 5.805746e+03
3.857500e+02, 5.786612e+03
3.860000e+02, 5.721758e+03
3.862500e+02, 5.691185e+03
3.865000e+02, 5.705629e+03
3.867500e+02, 5.680266e+03
3.870000e+02, 5.664598e+03
3.872500e+02, 5.704896e+03
3.875000e+02, 5.708948e+03
3.877500e+02, 5.728107e+03
3.880000e+02, 5.699820e+03
3.882500e+02, 5.708143e+03
3.885000e+02, 5.727028e+03
3.887500e+02, 5.706208e+03
3.890000e+02, 5.728836e+03
3.892500e+02, 5.760024e+03
3.895000e+02, 5.715476e+03
3.897500e+02, 5.636199e+03
3.900000e+02, 5.576104e+03
3.902500e+02, 5.551017e+03
3.905000e+02, 5.611437e+03
3.907500e+02, 5.566616e+03
3.910000e+02, 5.470992e+03
3.912500e+02, 5.497231e+03
3.915000e+02, 5.543758e+03
3.917500e+02, 5.600818e+03
3.920000e+02, 5.611039e+03
3.922500e+02, 5.604496e+03
3.925000e+02, 5.524461e+03
3.927500e+02, 5.428680e+03
3.930000e+02, 5.436272e+03
3.932500e+02, 5.409545e+03
3.935000e+02, 5.333391e+03
3.937500e+02, 5.310237e+03
3.940000e+02, 5.276681e+03
3.942500e+02, 5.252079e+03
3.945000e+02, 5.304564e+03
3.947500e+02, 5.358807e+03
3.950000e+02, 5.361407e+03
3.952500e+02, 5.356055e+03
3.955000e+02, 5.376229e+03
3.957500e+02, 5.373980e+03
3.960000e+02, 5.374429e+03
3.962500e+02, 5.358019e+03
3.965000e+02, 5.301995e+03
3.967500e+02, 5.267136e+03
3.970000e+02, 5.257182e+03
3.972500e+02, 5.312169e+03
3.975000e+02, 5.353610e+03
3.977500e+02, 5.283693e+03
3.980000e+02, 5.265546e+03
3.982500e+02, 5.213022e+03
3.985000e+02, 5.218781e+03
3.987500e+02, 5.224941e+03
3.990000e+02, 5.204977e+03
3.992500e+02, 5.237428e+03
3.995000e+02, 5.261172e+03
3.997500e+02, 5.266839e+03
4.000000e+02, 5.229615e+03
4.002500e+02, 5.211013e+03
4.005000e+02, 5.179130e+03
4.007500e+02, 5.288236e+03
4.010000e+02, 5.357606e+03
4.012500e+02, 5.222553e+03
4.015000e+02, 5.155354e+03
4.017500e+02, 5.165712e+03
4.020000e+02, 5.188575e+03
4.022500e+02, 5.209205e+03
4.025000e+02, 5.169172e+03
4.027500e+02, 5.166256e+03
4.030000e+02, 5.176317e+03
4.032500e+02, 5.168337e+03
4.035000e+02, 5.137898e+03
4.037500e+02, 5.146899e+03
4.040000e+02, 5.165781e+03
4.042500e+02, 5.143459e+03
4.045000e+02, 5.148967e+03
4.047500e+02, 5.171557e+03
4.050000e+02, 5.123848e+03
4.052500e+02, 5.088071e+03
4.055000e+02, 5.092439e+03
4.057500e+02, 5.038348e+03
4.060000e+02, 5.046607e+03
4.062500e+02, 5.019820e+03
4.065000e+02, 5.019262e+03
4.067500e+02, 4.980431e+03
4.070000e+02, 4.918537e+03
4.072500e+02, 4.877635e+03
4.075000e+02, 4.884637e+03
4.077500e+02, 4.940430e+03
4.080000e+02, 4.997956e+03
4.082500e+02, 5.004338e+03
4.085000e+02, 4.986753e+03
4.087500e+02, 5.009388e+03
4.090000e+02, 5.022284e+03
4.092500e+02, 4.897746e+03
4.095000e+02, 4.748061e+03
4.097500e+02, 4.849682e+03
4.100000e+02, 4.905212e+03
4.102500e+02, 4.902806e+03
4.105000e+02, 4.961722e+03
4.107500e+02, 4.970597e+03
4.110000e+02, 4.918224e+03
4.112500e+02, 4.914994e+03
4.115000e+02, 4.941210e+03
4.117500e+02, 4.960163e+03
4.120000e+02, 4.891063e+03
4.122500e+02, 4.891349e+03
4.125000e+02, 4.883272e+03
4.127500e+02, 4.847791e+03
4.130000e+02, 4.818776e+03
4.132500e+02, 4.804884e+03
4.135000e+02, 4.842565e+03
4.137500e+02, 4.773477e+03
4.140000e+02, 4.703002e+03
4.142500e+02, 4.662894e+03
4.145000e+02, 4.715248e+03
4.147500e+02, 4.729452e+03
4.150000e+02, 4.724473e+03
4.152500e+02, 4.698972e+03
4.155000e+02, 4.698393e+03
4.157500e+02, 4.718684e+03
4.160000e+02, 4.800082e+03
4.162500e+02, 4.817755e+03
4.165000e+02, 4.772898e+03
4.167500e+02, 4.769648e+03
4.170000e+02, 4.753916e+03
4.172500e+02, 4.768697e+03
4.175000e+02, 4.855974e+03
4.177500e+02, 4.854588e+03
4.180000e+02, 4.835135e+03
4.182500e+02, 4.755701e+03
4.185000e+02, 4.673654e+03
4.187500e+02, 4.631600e+03
4.190000e+02, 4.654991e+03
4.192500e+02, 4.681785e+03
4.195000e+02, 4.651555e+03
4.197500e+02, 4.587313e+03
4.200000e+02, 4.560004e+03
4.202500e+02, 4.572848e+03
4.205000e+02, 4.607845e+03
4.207500e+02, 4.631055e+03
4.210000e+02, 4.555395e+03
4.212500e+02, 4.565713e+03
4.215000e+02, 4.559841e+03
4.217500e+02, 4.534796e+03
4.220000e+02, 4.536123e+03
4.222500e+02, 4.498343e+03
4.225000e+02, 4.488501e+03
4.227500e+02, 4.461968e+03
4.230000e+02, 4.453964e+03
4.232500e+02, 4.407763e+03
4.235000e+02, 4.423529e+03
4.237500e+02, 4.468915e+03
4.240000e+02, 4.474113e+03
4.242500e+02, 4.420877e+03
4.245000e+02, 4.408312e+03
4.247500e+02, 4.469582e+03
4.250000e+02, 4.488988e+03
4.252500e+02, 4.482614e+03
4.255000e+02, 4.457499e+03
4.257500e+02, 4.405756e+03
4.260000e+02, 4.320377e+03
4.262500e+02, 4.349658e+03
4.265000e+02, 4.310266e+03
4.267500e+02, 4.270499e+03
4.270000e+02, 4.270362e+03
4.272500e+02, 4.316649e+03
4.275000e+02, 4.332765e+03
4.277500e+02, 4.288728e+03
4.280000e+02, 4.263313e+03
4.282500e+02, 4.231110e+03
4.285000e+02, 4.208964e+03
4.287500e+02, 4.201452e+03
4.290000e+02, 4.183398e+03
4.292500e+02, 4.217459e+03
4.295000e+02, 4.240112e+03
4.297500e+02, 4.258101e+03
4.300000e+02, 4.291302e+03
4.302500e+02, 4.269839e+03
4.305000e+02, 4.226170e+03
4.307500e+02, 4.214197e+03
4.310000e+02, 4.234628e+03
4.312500e+02, 4.214386e+03
4.315000e+02, 4.215338e+03
4.317500e+02, 4.188270e+03
4.320000e+02, 4.190450e+03
4.322500e+02, 4.192961e+03
4.325000e+02, 4.155799e+03
4.327500e+02, 4.183223e+03
4.330000e+02, 4.199529e+03
4.332500e+02, 4.176509e+03
4.335000e+02, 4.141411e+03
4.337500e+02, 4.144474e+03
4.340000e+02, 4.210603e+03
4.342500e+02, 4.236541e+03
4.345000e+02, 4.253944e+03
4.347500e+02, 4.227679e+03
4.350000e+02, 4.226866e+03
4.352500e+02, 4.219269e+03
4.355000e+02, 4.162575e+03
4.357500e+02, 4.104835e+03
4.360000e+02, 4.074977e+03
4.362500e+02, 4.076691e+03
4.365000e+02, 4.102921e+03
4.367500e+02, 4.107614e+03
4.370000e+02, 4.105203e+03
4.372500e+02, 4.062157e+03
4.375000e+02, 4.039123e+03
4.377500e+02, 4.029145e+03
4.380000e+02, 4.020005e+03
4.382500e+02, 3.982458e+03
4.385000e+02, 3.983202e+03
4.387500e+02, 3.961120e+03
4.390000e+02, 4.002290e+03
4.392500e+02, 4.036712e+03
4.395000e+02, 4.009704e+03
4.397500e+02, 3.997782e+03
4.400000e+02, 3.921275e+03
4.402500e+02, 3.868474e+03
4.405000e+02, 3.925209e+03
4.407500e+02, 3.919832e+03
4.410000e+02, 3.919427e+03
4.412500e+02, 3.902644e+03
4.415000e+02, 3.883116e+03
4.417500e+02, 3.917862e+03
4.420000e+02, 3.942746e+03
4.422500e+02, 3.915923e+03
4.425000e+02, 3.792911e+03
4.427500e+02, 3.729615e+03
4.430000e+02, 3.784208e+03
4.432500e+02, 3.882067e+03
4.435000e+02, 3.928638e+03
4.437500e+02, 3.899450e+03
4.440000e+02, 3.865868e+03
4.442500e+02, 3.844473e+03
4.445000e+02, 3.856890e+03
4.447500e+02, 3.870383e+03
4.450000e+02, 3.840042e+03
4.452500e+02, 3.862208e+03
4.455000e+02, 3.845672e+03
4.457500e+02, 3.858590e+03
4.460000e+02, 3.849294e+03
4.462500e+02, 3.817711e+03
4.465000e+02, 3.813683e+03
4.467500e+02, 3.814362e+03
4.470000e+02, 3.827445e+03
4.472500e+02, 3.836204e+03
4.475000e+02, 3.775467e+03
4.477500e+02, 3.739256e+03
4.480000e+02, 3.731377e+03
4.482500e+02, 3.742494e+03
4.485000e+02, 3.733693e+03
4.487500e+02, 3.763655e+03
4.490000e+02, 3.779848e+03
4.492500e+02, 3.799749e+03
4.495000e+02, 3.809270e+03
4.497500e+02, 3.773815e+03
4.500000e+02, 3.719281e+03
4.502500e+02, 3.673233e+03
4.505000e+02, 3.668296e+03
4.507500e+02, 3.688599e+03
4.510000e+02, 3.687935e+03
4.512500e+02, 3.692863e+03
4.515000e+02, 3.643417e+03
4.517500e+02, 3.626730e+03
4.520000e+02, 3.616158e+03
4.522500e+02, 3.631307e+03
4.525000e+02, 3.604967e+03
4.527500e+02, 3.595083e+03
4.530000e+02, 3.608382e+03
4.532500e+02, 3.637381e+03
4.535000e+02, 3.627333e+03
4.537500e+02, 3.594140e+03
4.540000e+02, 3.593333e+03
4.542500e+02, 3.567120e+03
4.545000e+02, 3.563811e+03
4.547500e+02, 3.565941e+03
4.550000e+02, 3.521821e+03
4.552500e+02, 3.516828e+03
4.555000e+02, 3.527733e+03
4.557500e+02, 3.531435e+03
4.560000e+02, 3.510917e+03
4.562500e+02, 3.511498e+03
4.565000e+02, 3.513845e+03
4.567500e+02, 3.519773e+03
4.570000e+02, 3.477579e+03
4.572500e+02, 3.456094e+03
4.575000e+02, 3.449981e+03
4.577500e+02, 3.448571e+03
4.580000e+02, 3.447935e+03
4.582500e+02, 3.451302e+03
4.585000e+02, 3.442658e+03
4.587500e+02, 3.442392e+03
4.590000e+02, 3.393818e+03
4.592500e+02, 3.382382e+03
4.595000e+02, 3.352586e+03
4.597500e+02, 3.349903e+03
4.600000e+02, 3.389759e+03
4.602500e+02, 3.388382e+03
4.605000e+02, 3.379934e+03
4.607500e+02, 3.380507e+03
4.610000e+02, 3.366869e+03
4.612500e+02, 3.382030e+03
4.615000e+02, 3.401714e+03
4.617500e+02, 3.388140e+03
4.620000e+02, 3.335453e+03
4.622500e+02, 3.310424e+03
4.625000e+02, 3.312159e+03
4.627500e+02, 3.344691e+03
4.630000e+02, 3.344651e+03
4.632500e+02, 3.319012e+03
4.635000e+02, 3.335247e+03
4.637500e+02, 3.382565e+03
4.640000e+02, 3.350173e+03
4.642500e+02, 3.321081e+03
4.645000e+02, 3.339659e+03
4.647500e+02, 3.317658e+03
4.650000e+02, 3.290090e+03
4.652500e+02, 3.306306e+03
4.655000e+02, 3.291045e+03
4.657500e+02, 3.253759e+03
4.660000e+02, 3.241983e+03
4.662500e+02, 3.258465e+03
4.665000e+02, 3.287476e+03
4.667500e+02, 3.267471e+03
4.670000e+02, 3.234674e+03
4.672500e+02, 3.236764e+03
4.675000e+02, 3.262283e+03
4.677500e+02, 3.230089e+03
4.680000e+02, 3.231198e+03
4.682500e+02, 3.242688e+03
4.685000e+02, 3.259452e+03
4.687500e+02, 3.233325e+03
4.690000e+02, 3.197048e+03
4.692500e+02, 3.142281e+03
4.695000e+02, 3.124227e+03
4.697500e+02, 3.169736e+03
4.700000e+02, 3.175958e+03
4.702500e+02, 3.193692e+03
4.705000e+02, 3.174358e+03
4.707500e+02, 3.171576e+03
4.710000e+02, 3.166323e+03
4.712500e+02, 3.160413e+03
4.715000e+02, 3.155718e+03
4.717500e+02, 3.129822e+03
4.720000e+02, 3.109349e+03
4.722500e+02, 3.113327e+03
4.725000e+02, 3.158763e+03
4.727500e+02, 3.155184e+03
4.730000e+02, 3.182105e+03
4.732500e+02, 3.211768e+03
4.735000e+02, 3.180871e+03
4.737500e+02, 3.113089e+03
4.740000e+02, 3.094406e+03
4.742500e+02, 3.114030e+03
4.745000e+02, 3.131801e+03
4.747500e+02, 3.151840e+03
4.750000e+02, 3.122635e+03
4.752500e+02, 3.057707e+03
4.755000e+02, 2.992550e+03
4.757500e+02, 3.015283e+03
4.760000e+02, 2.994555e+03
4.762500e+02, 3.000750e+03
4.765000e+02, 2.988005e+03
4.767500e+02, 3.015188e+03
4.770000e+02, 3.022985e+03
4.772500e+02, 3.025086e+03
4.775000e+02, 3.023461e+03
4.777500e+02, 3.005271e+03
4.780000e+02, 2.983024e+03
4.782500e+02, 3.006888e+03
4.785000e+02, 3.042667e+03
4.787500e+02, 3.040437e+03
4.790000e+02, 3.032363e+03
4.792500e+02, 3.014738e+03
4.795000e+02, 3.009576e+03
4.797500e+02, 3.027410e+03
4.800000e+02, 3.016771e+03
4.802500e+02, 3.002094e+03
4.805000e+02, 2.987614e+03
4.807500e+02, 2.976520e+03
4.810000e+02, 2.955014e+03
4.812500e+02, 2.946005e+03
4.815000e+02, 2.914427e+03
4.817500e+02, 2.920751e+03
4.820000e+02, 2.939729e+03
4.822500e+02, 2.971066e+03
4.825000e+02, 2.972357e+03
4.827500e+02, 2.944779e+03
4.830000e+02, 2.915930e+03
4.832500e+02, 2.905046e+03
4.835000e+02, 2.904435e+03
4.837500e+02, 2.890138e+03
4.840000e+02, 2.882653e+03
4.842500e+02, 2.876188e+03
4.845000e+02, 2.902460e+03
4.847500e+02, 2.916791e+03
4.850000e+02, 2.923052e+03
4.852500e+02, 2.883313e+03
4.855000e+02, 2.876921e+03
4.857500e+02, 2.886540e+03
4.860000e+02, 2.868985e+03
4.862500e+02, 2.897886e+03
4.865000e+02, 2.875168e+03
4.867500e+02, 2.879381e+03
4.870000e+02, 2.891741e+03
4.872500e+02, 2.871259e+03
4.875000e+02, 2.826460e+03
4.877500e+02, 2.816149e+03
4.880000e+02, 2.790974e+03
4.882500e+02, 2.802456e+03
4.885000e+02, 2.793754e+03
4.887500e+02, 2.809833e+03
4.890000e+02, 2.843396e+03
4.892500e+02, 2.820052e+03
4.895000e+02, 2.830099e+03
4.897500e+02, 2.850430e+03
4.900000e+02, 2.851649e+03
4.902500e+02, 2.843191e+03
4.905000e+02, 2.820398e+03
4.907500e+02, 2.789101e+03
4.910000e+02, 2.784951e+03
4.912500e+02, 2.784416e+03
4.915000e+02, 2.774730e+03
4.917500e+02, 2.767088e+03
4.920000e+02, 2.758965e+03
4.922500e+02, 2.794670e+03
4.925000e+02, 2.790209e+03
4.927500e+02, 2.820876e+03
4.930000e+02, 2.844447e+03
4.932500e+02, 2.810452e+03
4.935000e+02, 2.742452e+03
4.937500e+02, 2.746733e+03
4.940000e+02, 2.752503e+03
4.942500e+02, 2.759981e+03
4.945000e+02, 2.745577e+03
4.947500e+02, 2.715540e+03
4.950000e+02, 2.689524e+03
4.952500e+02, 2.655041e+03
4.955000e+02, 2.644740e+03
4.957500e+02, 2.641386e+03
4.960000e+02, 2.650724e+03
4.962500e+02, 2.659293e+03
4.965000e+02, 2.680575e+03
4.967500e+02, 2.706343e+03
4.970000e+02, 2.728276e+03
4.972500e+02, 2.734351e+03
4.975000e+02, 2.711420e+03
4.977500e+02, 2.697204e+03
4.980000e+02, 2.694397e+03
4.982500e+02, 2.709571e+03
4.985000e+02, 2.720101e+03
4.987500e+02, 2.697593e+03
4.990000e+02, 2.634841e+03
4.992500e+02, 2.589840e+03
4.995000e+02, 2.572664e+03
4.997500e+02, 2.629988e+03
5.000000e+02, 2.613329e+03
5.002500e+02, 2.615338e+03
5.005000e+02, 2.611624e+03
5.007500e+02, 2.605800e+03
5.010000e+02, 2.615166e+03
5.012500e+02, 2.574373e+03
5.015000e+02, 2.565610e+03
5.017500e+02, 2.605363e+03
5.020000e+02, 2.609694e+03
5.022500e+02, 2.590878e+03
5.025000e+02, 2.588137e+03
5.027500e+02, 2.575547e+03
5.030000e+02, 2.543703e+03
5.032500e+02, 2.532895e+03
5.035000e+02, 2.519642e+03
5.037500e+02, 2.482320e+03
5.040000e+02, 2.456717e+03
5.042500e+02, 2.450602e+03
5.045000e+02, 2.447851e+03
5.047500e+02, 2.486237e+03
5.050000e+02, 2.508514e+03
5.052500e+02, 2.465345e+03
5.055000e+02, 2.457833e+03
5.057500e+02, 2.482190e+03
5.060000e+02, 2.500395e+03
5.062500e+02, 2.487544e+03
5.065000e+02, 2.466648e+03
5.067500e+02, 2.456385e+03
5.070000e+02, 2.483342e+03
5.072500e+02, 2.503392e+03
5.075000e+02, 2.509949e+03
5.077500e+02, 2.496481e+03
5.080000e+02, 2.498429e+03
5.082500e+02, 2.485520e+03
5.085000e+02, 2.455853e+03
5.087500e+02, 2.465114e+03
5.090000e+02, 2.493771e+03
5.092500e+02, 2.485054e+03
5.095000e+02, 2.486851e+03
5.097500e+02, 2.443826e+03
5.100000e+02, 2.462807e+03
5.102500e+02, 2.460219e+03
5.105000e+02, 2.468488e+03
5.107500e+02, 2.464317e+03
5.110000e+02, 2.464559e+03
5.112500e+02, 2.467531e+03
5.115000e+02, 2.462071e+03
5.117500e+02, 2.445713e+03
5.120000e+02, 2.411192e+03
5.122500e+02, 2.439862e+03
5.125000e+02, 2.440819e+03
5.127500e+02, 2.419323e+03
5.130000e+02, 2.366172e+03
5.132500e+02, 2.324521e+03
5.135000e+02, 2.326015e+03
5.137500e+02, 2.320742e+03
5.140000e+02, 2.301078e+03
5.142500e+02, 2.318094e+03
5.145000e+02, 2.334083e+03
5.147500e+02, 2.345801e+03
5.150000e+02, 2.346045e+03
5.152500e+02, 2.341664e+03
5.155000e+02, 2.315254e+03
5.157500e+02, 2.316880e+03
5.160000e+02, 2.292620e+03
5.162500e+02, 2.289124e+03
5.165000e+02, 2.296732e+03
5.167500e+02, 2.326925e+03
5.170000e+02, 2.355164e+03
5.172500e+02, 2.380873e+03
5.175000e+02, 2.387967e+03
5.177500e+02, 2.398484e+03
5.180000e+02, 2.363120e+03
5.182500e+02, 2.328427e+03
5.185000e+02, 2.325115e+03
5.187500e+02, 2.308703e+03
5.190000e+02, 2.309936e+03
5.192500e+02, 2.322257e+03
5.195000e+02, 2.331348e+03
5.197500e+02, 2.360710e+03
5.200000e+02, 2.320163e+03
5.202500e+02, 2.297583e+03
5.205000e+02, 2.300885e+03
5.207500e+02, 2.299063e+03
5.210000e+02, 2.299876e+03
5.212500e+02, 2.295238e+03
5.215000e+02, 2.288293e+03
5.217500e+02, 2.275717e+03
5.220000e+02, 2.260105e+03
5.222500e+02, 2.250757e+03
5.225000e+02, 2.259061e+03
5.227500e+02, 2.257993e+03
5.230000e+02, 2.228428e+03
5.232500e+02, 2.206311e+03
5.235000e+02, 2.213645e+03
5.237500e+02, 2.230036e+03
5.240000e+02, 2.219978e+03
5.242500e+02, 2.224358e+03
5.245000e+02, 2.250763e+03
5.247500e+02, 2.248286e+03
5.250000e+02, 2.243570e+03
5.252500e+02, 2.248954e+03
5.255000e+02, 2.218675e+03
5.257500e+02, 2.191897e+03
5.260000e+02, 2.172395e+03
5.262500e+02, 2.172216e+03
5.265000e+02, 2.157196e+03
5.267500e+02, 2.135778e+03
5.270000e+02, 2.161482e+03
5.272500e+02, 2.173348e+03
5.275000e+02, 2.153196e+03
5.277500e+02, 2.157618e+03
5.280000e+02, 2.167868e+03
5.282500e+02, 2.149830e+03
5.285000e+02, 2.136862e+03
5.287500e+02, 2.143611e+03
5.290000e+02, 2.136047e+03
5.292500e+02, 2.126317e+03
5.295000e+02, 2.135647e+03
5.297500e+02, 2.127071e+03
5.300000e+02, 2.120535e+03
5.302500e+02, 2.111234e+03
5.305000e+02, 2.155011e+03
5.307500e+02, 2.166869e+03
5.310000e+02, 2.180228e+03
5.312500e+02, 2.188304e+03
5.315000e+02, 2.185387e+03
5.317500e+02, 2.157504e+03
5.320000e+02, 2.125357e+03
5.322500e+02, 2.150273e+03
5.325000e+02, 2.177217e+03
5.327500e+02, 2.185642e+03
5.330000e+02, 2.202797e+03
5.332500e+02, 2.191825e+03
5.335000e+02, 2.192287e+03
5.337500e+02, 2.214094e+03
5.340000e+02, 2.189270e+03
5.342500e+02, 2.191339e+03
5.345000e+02, 2.179182e+03
5.347500e+02, 2.197505e+03
5.350000e+02, 2.188377e+03
5.352500e+02, 2.163645e+03
5.355000e+02, 2.153832e+03
5.357500e+02, 2.162088e+03
5.360000e+02, 2.135688e+03
5.362500e+02, 2.125526e+03
5.365000e+02, 2.122288e+03
5.367500e+02, 2.112447e+03
5.370000e+02, 2.119295e+03
5.372500e+02, 2.141040e+03
5.375000e+02, 2.146215e+03
5.377500e+02, 2.125154e+03
5.380000e+02, 2.107881e+03
5.382500e+02, 2.130581e+03
5.385000e+02, 2.175170e+03
5.387500e+02, 2.182065e+03
5.390000e+02, 2.175889e+03
5.392500e+02, 2.143427e+03
5.395000e+02, 2.088982e+03
5.397500e+02, 2.057039e+03
5.400000e+02, 2.056736e+03
5.402500e+02, 2.084898e+03
5.405000e+02, 2.106872e+03
5.407500e+02, 2.114113e+03
5.410000e+02, 2.076478e+03
5.412500e+02, 2.061943e+03
5.415000e+02, 2.044109e+03
5.417500e+02, 2.076127e+03
5.420000e+02, 2.081347e+03
5.422500e+02, 2.091439e+03
5.425000e+02, 2.119411e+03
5.427500e+02, 2.103307e+03
5.430000e+02, 2.088916e+03
5.432500e+02, 2.056104e+03
5.435000e+02, 2.041938e+03
5.437500e+02, 2.061046e+03
5.440000e+02, 2.052685e+03
5.442500e+02, 2.056071e+03
5.445000e+02, 2.061127e+03
5.447500e+02, 2.037481e+03
5.450000e+02, 2.052157e+03
5.452500e+02, 2.037877e+03
5.455000e+02, 2.016353e+03
5.457500e+02, 2.023816e+03
5.460000e+02, 2.022297e+03
5.462500e+02, 2.050413e+03
5.465000e+02, 2.049249e+03
5.467500e+02, 2.021291e+03
5.470000e+02, 2.017562e+03
5.472500e+02, 2.033926e+03
5.475000e+02, 2.045958e+03
5.477500e+02, 2.063567e+03
5.480000e+02, 2.031562e+03
5.482500e+02, 2.020224e+03
5.485000e+02, 2.011865e+03
5.487500e+02, 1.987979e+03
5.490000e+02, 1.993683e+03
5.492500e+02, 1.986705e+03
5.495000e+02, 1.964451e+03
5.497500e+02, 1.949551e+03
5.500000e+02, 1.938795e+03
5.502500e+02, 1.990790e+03
5.505000e+02, 1.998601e+03
5.507500e+02, 1.974471e+03
5.510000e+02, 1.955801e+03
5.512500e+02, 1.961768e+03
5.515000e+02, 1.976761e+03
5.517500e+02, 1.976596e+03
5.520000e+02, 1.976657e+03
5.522500e+02, 1.996170e+03
5.525000e+02, 1.995971e+03
5.527500e+02, 1.953867e+03
5.530000e+02, 1.937259e+03
5.532500e+02, 1.942458e+03
5.535000e+02, 1.950390e+03
5.537500e+02, 1.932601e+03
5.540000e+02, 1.907515e+03
5.542500e+02, 1.914055e+03
5.545000e+02, 1.877394e+03
5.547500e+02, 1.873868e+03
5.550000e+02, 1.878420e+03
5.552500e+02, 1.890615e+03
5.555000e+02, 1.927961e+03
5.557500e+02, 1.947741e+03
5.560000e+02, 1.917094e+03
5.562500e+02, 1.887297e+03
5.565000e+02, 1.867794e+03
5.567500e+02, 1.837014e+03
5.570000e+02, 1.840140e+03
5.572500e+02, 1.855324e+03
5.575000e+02, 1.878572e+03
5.577500e+02, 1.888993e+03
5.580000e+02, 1.876579e+03
5.582500e+02, 1.861760e+03
5.585000e+02, 1.844474e+03
5.587500e+02, 1.835991e+03
5.590000e+02, 1.850210e+03
5.592500e+02, 1.884351e+03
5.595000e+02, 1.901300e+03
5.597500e+02, 1.908954e+03
5.600000e+02, 1.886281e+03
5.602500e+02, 1.917521e+03
5.605000e+02, 1.925295e+03
5.607500e+02, 1.897855e+03
5.610000e+02, 1.849491e+03
5.612500e+02, 1.846770e+03
5.615000e+02, 1.874385e+03
5.617500e+02, 1.876293e+03
5.620000e+02, 1.884956e+03
5.622500e+02, 1.902142e+03
5.625000e+02, 1.889097e+03
5.627500e+02, 1.863271e+03
5.630000e+02, 1.844648e+03
5.632500e+02, 1.824723e+03
5.635000e+02, 1.829097e+03
5.637500e+02, 1.836857e+03
5.640000e+02, 1.829270e+03
5.642500e+02, 1.851468e+03
5.645000e+02, 1.827964e+03
5.647500e+02, 1.795879e+03
5.650000e+02, 1.839355e+03
5.652500e+02, 1.823549e+03
5.655000e+02, 1.800496e+03
5.657500e+02, 1.783137e+03
5.660000e+02, 1.784196e+03
5.662500e+02, 1.808782e+03
5.665000e+02, 1.843472e+03
5.667500e+02, 1.844986e+03
5.670000e+02, 1.836905e+03
5.672500e+02, 1.826175e+03
5.675000e+02, 1.816894e+03
5.677500e+02, 1.795807e+03
5.680000e+02, 1.811425e+03
5.682500e+02, 1.831727e+03
5.685000e+02, 1.815198e+03
5.687500e+02, 1.815498e+03
5.690000e+02, 1.844051e+03
5.692500e+02, 1.829388e+03
5.695000e+02, 1.811253e+03
5.697500e+02, 1.800115e+03
5.700000e+02, 1.778926e+03
5.702500e+02, 1.792354e+03
5.705000e+02, 1.822116e+03
5.707500e+02, 1.820821e+03
5.710000e+02, 1.810373e+03
5.712500e+02, 1.800321e+03
5.715000e+02, 1.793538e+03
5.717500e+02, 1.807428e+03
5.720000e+02, 1.813301e+03
5.722500e+02, 1.798715e+03
5.725000e+02, 1.770064e+03
5.727500e+02, 1.766451e+03
5.730000e+02, 1.791199e+03
5.732500e+02, 1.772488e+03
5.735000e+02, 1.744246e+03
5.737500e+02, 1.738424e+03
5.740000e+02, 1.741387e+03
5.742500e+02, 1.757443e+03
5.745000e+02, 1.758744e+03
5.747500e+02, 1.748311e+03
5.750000e+02, 1.720122e+03
5.752500e+02, 1.711140e+03
5.755000e+02, 1.684138e+03
5.757500e+02, 1.669022e+03
5.760000e+02, 1.677586e+03
5.762500e+02, 1.712061e+03
5.765000e+02, 1.716672e+03
5.767500e+02, 1.737841e+03
5.770000e+02, 1.751302e+03
5.772500e+02, 1.717362e+03
5.775000e+02, 1.700991e+03
5.777500e+02, 1.707631e+03
5.780000e+02, 1.693268e+03
5.782500e+02, 1.721743e+03
5.785000e+02, 1.750129e+03
5.787500e+02, 1.754463e+03
5.790000e+02, 1.749270e+03
5.792500e+02, 1.758751e+03
5.795000e+02, 1.728128e+03
5.797500e+02, 1.711110e+03
5.800000e+02, 1.703606e+03
5.802500e+02, 1.701020e+03
5.805000e+02, 1.690274e+03
5.807500e+02, 1.684516e+03
5.810000e+02, 1.684985e+03
5.812500e+02, 1.684059e+03
5.815000e+02, 1.683408e+03
5.817500e+02, 1.662518e+03
5.820000e+02, 1.637207e+03
5.822500e+02, 1.669398e+03
5.825000e+02, 1.703065e+03
5.827500e+02, 1.691355e+03
5.830000e+02, 1.673883e+03
5.832500e+02, 1.615426e+03
5.835000e+02, 1.615509e+03
5.837500e+02, 1.628157e+03
5.840000e+02, 1.644981e+03
5.842500e+02, 1.650571e+03
5.845000e+02, 1.654772e+03
5.847500e+02, 1.664372e+03
5.850000e+02, 1.663796e+03
5.852500e+02, 1.650731e+03
5.855000e+02, 1.645036e+03
5.857500e+02, 1.644985e+03
5.860000e+02, 1.628522e+03
5.862500e+02, 1.656315e+03
5.865000e+02, 1.656053e+03
5.867500e+02, 1.639635e+03
5.870000e+02, 1.635883e+03
5.872500e+02, 1.621411e+03
5.875000e+02, 1.634696e+03
5.877500e+02, 1.650254e+03
5.880000e+02, 1.635810e+03
5.882500e+02, 1.612478e+03
5.885000e+02, 1.620276e+03
5.887500e+02, 1.617439e+03
5.890000e+02, 1.610106e+03
5.892500e+02, 1.622240e+03
5.895000e+02, 1.638824e+03
5.897500e+02, 1.640979e+03
5.900000e+02, 1.633238e+03
5.902500e+02, 1.640567e+03
5.905000e+02, 1.637475e+03
5.907500e+02, 1.626060e+03
5.910000e+02, 1.605399e+03
5.912500e+02, 1.604451e+03
5.915000e+02, 1.604722e+03
5.917500e+02, 1.624242e+03
5.920000e+02, 1.627000e+03
5.922500e+02, 1.629509e+03
5.925000e+02, 1.628825e+03
5.927500e+02, 1.619688e+03
5.930000e+02, 1.633117e+03
5.932500e+02, 1.609270e+03
5.935000e+02, 1.587359e+03
5.937500e+02, 1.579306e+03
5.940000e+02, 1.576872e+03
5.942500e+02, 1.543635e+03
5.945000e+02, 1.533505e+03
5.947500e+02, 1.551124e+03
5.950000e+02, 1.559655e+03
5.952500e+02, 1.560348e+03
5.955000e+02, 1.573978e+03
5.957500e+02, 1.572915e+03
5.960000e+02, 1.589242e+03
5.962500e+02, 1.551390e+03
5.965000e+02, 1.538603e+03
5.967500e+02, 1.546591e+03
5.970000e+02, 1.559709e+03
5.972500e+02, 1.537825e+03
5.975000e+02, 1.499898e+03
5.977500e+02, 1.509132e+03
5.980000e+02, 1.524042e+03
5.982500e+02, 1.537213e+03
5.985000e+02, 1.528376e+03
5.987500e+02, 1.526029e+03
5.990000e+02, 1.536804e+03
5.992500e+02, 1.547060e+03
5.995000e+02, 1.546660e+03
5.997500e+02, 1.560599e+03
6.000000e+02, 1.545349e+03
6.002500e+02, 1.554488e+03
6.005000e+02, 1.531831e+03
6.007500e+02, 1.533832e+03
6.010000e+02, 1.543464e+03
6.012500e+02, 1.560796e+03
6.015000e+02, 1.568663e+03
6.017500e+02, 1.560521e+03
6.020000e+02, 1.544639e+03
6.022500e+02, 1.522407e+03
6.025000e+02, 1.507814e+03
6.027500e+02, 1.490916e+03
6.030000e+02, 1.497840e+03
6.032500e+02, 1.513797e+03
6.035000e+02, 1.532636e+03
6.037500e+02, 1.519168e+03
6.040000e+02, 1.480851e+03
6.042500e+02, 1.493380e+03
6.045000e+02, 1.496060e+03
6.047500e+02, 1.499897e+03
6.050000e+02, 1.486797e+03
6.052500e+02, 1.502363e+03
6.055000e+02, 1.486689e+03
6.057500e+02, 1.466486e+03
6.060000e+02, 1.497205e+03
6.062500e+02, 1.508184e+03
6.065000e+02, 1.466577e+03
6.067500e+02, 1.460143e+03
6.070000e+02, 1.482775e+03
6.072500e+02, 1.501743e+03
6.075000e+02, 1.485662e+03
6.077500e+02, 1.497836e+03
6.080000e+02, 1.500723e+03
6.082500e+02, 1.491530e+03
6.085000e+02, 1.461393e+03
6.087500e+02, 1.436725e+03
6.090000e+02, 1.428328e+03
6.092500e+02, 1.439082e+03
6.095000e+02, 1.440886e+03
6.097500e+02, 1.459191e+03
6.100000e+02, 1.461059e+03
6.102500e+02, 1.453417e+03
6.105000e+02, 1.448435e+03
6.107500e+02, 1.454695e+03
6.110000e+02, 1.469182e+03
6.112500e+02, 1.463141e+03
6.115000e+02, 1.467671e+03
6.117500e+02, 1.476866e+03
6.120000e+02, 1.466542e+03
6.122500e+02, 1.465583e+03
6.125000e+02, 1.491332e+03
6.127500e+02, 1.497522e+03
6.130000e+02, 1.498972e+03
6.132500e+02, 1.481353e+03
6.135000e+02, 1.452998e+03
6.137500e+02, 1.432131e+03
6.140000e+02, 1.417672e+03
6.142500e+02, 1.419060e+03
6.145000e+02, 1.408715e+03
6.147500e+02, 1.391499e+03
6.150000e+02, 1.401432e+03
6.152500e+02, 1.389120e+03
6.155000e+02, 1.368270e+03
6.157500e+02, 1.361150e+03
6.160000e+02, 1.377022e+03
6.162500e+02, 1.375937e+03
6.165000e+02, 1.367738e+03
6.167500e+02, 1.383551e+03
6.170000e+02, 1.401642e+03
6.172500e+02, 1.404420e+03
6.175000e+02, 1.406302e+03
6.177500e+02, 1.403135e+03
6.180000e+02, 1.378075e+03
6.182500e+02, 1.367454e+03
6.185000e+02, 1.355265e+03
6.187500e+02, 1.337486e+03
6.190000e+02, 1.323253e+03
6.192500e+02, 1.353825e+03
6.195000e+02, 1.358809e+03
6.197500e+02, 1.333827e+03
6.200000e+02, 1.314380e+03
6.202500e+02, 1.345650e+03
6.205000e+02, 1.375991e+03
6.207500e+02, 1.370616e+03
6.210000e+02, 1.356454e+03
6.212500e+02, 1.375743e+03
6.215000e+02, 1.372395e+03
6.217500e+02, 1.350331e+03
6.220000e+02, 1.360206e+03
6.222500e+02, 1.366561e+03
6.225000e+02, 1.393370e+03
6.227500e+02, 1.396545e+03
6.230000e+02, 1.391898e+03
6.232500e+02, 1.366080e+03
6.235000e+02, 1.350930e+03
6.237500e+02, 1.338422e+03
6.240000e+02, 1.328163e+03
6.242500e+02, 1.329570e+03
6.245000e+02, 1.368433e+03
6.247500e+02, 1.355687e+03
6.250000e+02, 1.329151e+03
6.252500e+02, 1.311902e+03
6.255000e+02, 1.312973e+03
6.257500e+02, 1.361339e+03
6.260000e+02, 1.379240e+03
6.262500e+02, 1.379361e+03
6.265000e+02, 1.378773e+03
6.267500e+02, 1.370295e+03
6.270000e+02, 1.362989e+03
6.272500e+02, 1.363704e+03
6.275000e+02, 1.335587e+03
6.277500e+02, 1.324328e+03
6.280000e+02, 1.331779e+03
6.282500e+02, 1.339514e+03
6.285000e+02, 1.349114e+03
6.287500e+02, 1.326479e+03
6.290000e+02, 1.314491e+03
6.292500e+02, 1.299871e+03
6.295000e+02, 1.282145e+03
6.297500e+02, 1.279598e+03
6.300000e+02, 1.293196e+03
6.302500e+02, 1.299815e+03
6.305000e+02, 1.281933e+03
6.307500e+02, 1.277337e+03
6.310000e+02, 1.273832e+03
6.312500e+02, 1.264969e+03
6.315000e+02, 1.267602e+03
6.317500e+02, 1.290935e+03
6.320000e+02, 1.290192e+03
6.322500e+02, 1.280666e+03
6.325000e+02, 1.285808e+03
6.327500e+02, 1.311359e+03
6.330000e+02, 1.307848e+03
6.332500e+02, 1.293563e+03
6.335000e+02, 1.287166e+03
6.337500e+02, 1.323196e+03
6.340000e+02, 1.328008e+03
6.342500e+02, 1.287689e+03
6.345000e+02, 1.258563e+03
6.347500e+02, 1.239535e+03
6.350000e+02, 1.241122e+03
6.352500e+02, 1.247424e+03
6.355000e+02, 1.273160e+03
6.357500e+02, 1.270337e+03
6.360000e+02, 1.280643e+03
6.362500e+02, 1.284289e+03
6.365000e+02, 1.281850e+03
6.367500e+02, 1.275374e+03
6.370000e+02, 1.250595e+03
6.372500e+02, 1.241003e+03
6.375000e+02, 1.239681e+03
6.377500e+02, 1.233027e+03
6.380000e+02, 1.238596e+03
6.382500e+02, 1.258746e+03
6.385000e+02, 1.247662e+03
6.387500e+02, 1.221873e+03
6.390000e+02, 1.220872e+03
6.392500e+02, 1.266279e+03
6.395000e+02, 1.305566e+03
6.397500e+02, 1.276993e+03
6.400000e+02, 1.259872e+03
6.402500e+02, 1.272480e+03
6.405000e+02, 1.269989e+03
6.407500e+02, 1.265457e+03
6.410000e+02, 1.270776e+03
6.412500e+02, 1.264607e+03
6.415000e+02, 1.229564e+03
6.417500e+02, 1.194928e+03
6.420000e+02, 1.174913e+03
6.422500e+02, 1.193926e+03
6.425000e+02, 1.206095e+03
6.427500e+02, 1.187344e+03
6.430000e+02, 1.204393e+03
6.432500e+02, 1.226657e+03
6.435000e+02, 1.237676e+03
6.437500e+02, 1.214545e+03
6.440000e+02, 1.222787e+03
6.442500e+02, 1.234322e+03
6.445000e+02, 1.225231e+03
6.447500e+02, 1.229837e+03
6.450000e+02, 1.241348e+03
6.452500e+02, 1.234491e+03
6.455000e+02, 1.243313e+03
6.457500e+02, 1.242414e+03
6.460000e+02, 1.227639e+03
6.462500e+02, 1.205983e+03
6.465000e+02, 1.177436e+03
6.467500e+02, 1.160376e+03
6.470000e+02, 1.184269e+03
6.472500e+02, 1.211647e+03
6.475000e+02, 1.196844e+03
6.477500e+02, 1.173836e+03
6.480000e+02, 1.176363e+03
6.482500e+02, 1.186846e+03
6.485000e+02, 1.181537e+03
6.487500e+02, 1.168657e+03
6.490000e+02, 1.168548e+03
6.492500e+02, 1.163848e+03
6.495000e+02, 1.163940e+03
6.497500e+02, 1.149872e+03
6.500000e+02, 1.131550e+03
6.502500e+02, 1.140521e+03
6.505000e+02, 1.161541e+03
6.507500e+02, 1.156424e+03
6.510000e+02, 1.154620e+03
6.512500e+02, 1.180126e+03
6.515000e+02, 1.175482e+03
6.517500e+02, 1.152911e+03
6.520000e+02, 1.166395e+03
6.522500e+02, 1.177667e+03
6.525000e+02, 1.165106e+03
6.527500e+02, 1.165325e+03
6.530000e+02, 1.173220e+03
6.532500e+02, 1.145006e+03
6.535000e+02, 1.134923e+03
6.537500e+02, 1.145357e+03
6.540000e+02, 1.150418e+03
6.542500e+02, 1.163178e+03
6.545000e+02, 1.157759e+03
6.547500e+02, 1.168811e+03
6.550000e+02, 1.170526e+03
6.552500e+02, 1.151548e+03
6.555000e+02, 1.162747e+03
6.557500e+02, 1.157110e+03
6.560000e+02, 1.133358e+03
6.562500e+02, 1.142463e+03
6.565000e+02, 1.152550e+03
6.567500e+02, 1.157955e+03
6.570000e+02, 1.150032e+03
6.572500e+02, 1.146407e+03
6.575000e+02, 1.146173e+03
6.577500e+02, 1.152058e+03
6.580000e+02, 1.135576e+03
6.582500e+02, 1.116945e+03
6.585000e+02, 1.109760e+03
6.587500e+02, 1.132993e+03
6.590000e+02, 1.138787e+03
6.592500e+02, 1.160472e+03
6.595000e+02, 1.166043e+03
6.597500e+02, 1.159507e+03
6.600000e+02, 1.160135e+03
6.602500e+02, 1.149328e+03
6.605000e+02, 1.124517e+03
6.607500e+02, 1.094305e+03
6.610000e+02, 1.105619e+03
6.612500e+02, 1.116329e+03
6.615000e+02, 1.094390e+03
6.617500e+02, 1.096280e+03
6.620000e+02, 1.090159e+03
6.622500e+02, 1.087388e+03
6.625000e+02, 1.093702e+03
6.627500e+02, 1.104607e+03
6.630000e+02, 1.122893e+03
6.632500e+02, 1.105081e+03
6.635000e+02, 1.085716e+03
6.637500e+02, 1.076570e+03
6.640000e+02, 1.081357e+03
6.642500e+02, 1.081033e+03
6.645000e+02, 1.076481e+03
6.647500e+02, 1.094499e+03
6.650000e+02, 1.107134e+03
6.652500e+02, 1.104168e+03
6.655000e+02, 1.103113e+03
6.657500e+02, 1.099839e+03
6.660000e+02, 1.083190e+03
6.662500e+02, 1.085793e+03
6.665000e+02, 1.115887e+03
6.667500e+02, 1.145602e+03
6.670000e+02, 1.128024e+03
6.672500e+02, 1.102815e+03
6.675000e+02, 1.117065e+03
6.677500e+02, 1.116358e+03
6.680000e+02, 1.100932e+03
6.682500e+02, 1.096241e+03
6.685000e+02, 1.078090e+03
6.687500e+02, 1.073856e+03
6.690000e+02, 1.061761e+03
6.692500e+02, 1.076206e+03
6.695000e+02, 1.088094e+03
6.697500e+02, 1.105473e+03
6.700000e+02, 1.093131e+03
6.702500e+02, 1.076428e+03
6.705000e+02, 1.076972e+03
6.707500e+02, 1.064469e+03
6.710000e+02, 1.052130e+03
6.712500e+02, 1.042262e+03
6.715000e+02, 1.037669e+03
6.717500e+02, 1.056058e+03
6.720000e+02, 1.064433e+03
6.722500e+02, 1.071431e+03
6.725000e+02, 1.085764e+03
6.727500e+02, 1.076955e+03
6.730000e+02, 1.080279e+03
6.732500e+02, 1.083519e+03
6.735000e+02, 1.077262e+03
6.737500e+02, 1.065111e+03
6.740000e+02, 1.061999e+03
6.742500e+02, 1.061015e+03
6.745000e+02, 1.064339e+03
6.747500e+02, 1.065783e+03
6.750000e+02, 1.039489e+03
6.752500e+02, 1.045193e+03
6.755000e+02, 1.044673e+03
6.757500e+02, 1.013230e+03
6.760000e+02, 1.018607e+03
6.762500e+02, 1.027126e+03
6.765000e+02, 1.039402e+03
6.767500e+02, 1.057341e+03
6.770000e+02, 1.047079e+03
6.772500e+02, 1.014102e+03
6.775000e+02, 9.999445e+02
6.777500e+02, 1.020669e+03
6.780000e+02, 1.033973e+03
6.782500e+02, 1.016701e+03
6.785000e+02, 1.029839e+03
6.787500e+02, 1.028318e+03
6.790000e+02, 1.008444e+03
6.792500e+02, 1.002573e+03
6.795000e+02, 9.982938e+02
6.797500e+02, 1.005818e+03
6.800000e+02, 9.939332e+02
6.802500e+02, 1.005052e+03
6.805000e+02, 1.022896e+03
6.807500e+02, 1.020658e+03
6.810000e+02, 1.003191e+03
6.812500e+02, 9.861620e+02
6.815000e+02, 9.677077e+02
6.817500e+02, 9.812467e+02
6.820000e+02, 9.849279e+02
6.822500e+02, 9.863955e+02
6.825000e+02, 1.003778e+03
6.827500e+02, 1.000212e+03
6.830000e+02, 9.843824e+02
6.832500e+02, 9.807108e+02
6.835000e+02, 9.900834e+02
6.837500e+02, 9.928049e+02
6.840000e+02, 1.008109e+03
6.842500e+02, 1.023224e+03
6.845000e+02, 1.015350e+03
6.847500e+02, 1.015164e+03
6.850000e+02, 1.005431e+03
6.852500e+02, 9.894556e+02
6.855000e+02, 9.713259e+02
6.857500e+02, 9.770686e+02
6.860000e+02, 9.678733e+02
6.862500e+02, 9.637402e+02
6.865000e+02, 9.912979e+02
6.867500e+02, 9.782763e+02
6.870000e+02, 9.731711e+02
6.872500e+02, 9.659022e+02
6.875000e+02, 9.431395e+02
6.877500e+02, 9.561506e+02
6.880000e+02, 9.512414e+02
6.882500e+02, 9.545663e+02
6.885000e+02, 9.761103e+02
6.887500e+02, 9.666672e+02
6.890000e+02, 9.761882e+02
6.892500e+02, 9.947547e+02
6.895000e+02, 1.000977e+03
6.897500e+02, 9.824850e+02
6.900000e+02, 9.676857e+02
6.902500e+02, 9.529105e+02
6.905000e+02, 9.638817e+02
6.907500e+02, 9.860854e+02
6.910000e+02, 1.000395e+03
6.912500e+02, 9.958050e+02
6.915000e+02, 9.936906e+02
6.917500e+02, 9.776687e+02
6.920000e+02, 9.809509e+02
6.922500e+02, 1.000870e+03
6.925000e+02, 1.000498e+03
6.927500e+02, 9.782883e+02
6.930000e+02, 9.620473e+02
6.932500e+02, 9.714603e+02
6.935000e+02, 9.775784e+02
6.937500e+02, 9.735219e+02
6.940000e+02, 9.738480e+02
6.942500e+02, 9.745228e+02
6.945000e+02, 9.741176e+02
6.947500e+02, 9.624323e+02
6.950000e+02, 9.465099e+02
6.952500e+02, 9.401437e+02
6.955000e+02, 9.387461e+02
6.957500e+02, 9.584610e+02
6.960000e+02, 9.701761e+02
6.962500e+02, 9.718442e+02
6.965000e+02, 9.457511e+02
6.967500e+02, 9.398823e+02
6.970000e+02, 9.439984e+02
6.972500e+02, 9.540195e+02
6.975000e+02, 9.407701e+02
6.977500e+02, 9.289900e+02
6.980000e+02, 9.344540e+02
6.982500e+02, 9.373432e+02
6.985000e+02, 9.419113e+02
6.987500e+02, 9.292949e+02
6.990000e+02, 9.166326e+02
6.992500e+02, 9.177937e+02
6.995000e+02, 9.322568e+02
6.997500e+02, 9.386467e+02
7.000000e+02, 9.497620e+02
7.002500e+02, 9.413414e+02
7.005000e+02, 9.238343e+02
7.007500e+02, 9.126379e+02
7.010000e+02, 9.064899e+02
7.012500e+02, 9.172396e+02
7.015000e+02, 9.324984e+02
7.017500e+02, 9.558779e+02
7.020000e+02, 9.578486e+02
7.022500e+02, 9.366923e+02
7.025000e+02, 9.086891e+02
7.027500e+02, 9.043854e+02
7.030000e+02, 9.127755e+02
7.032500e+02, 9.213342e+02
7.035000e+02, 8.992442e+02
7.037500e+02, 8.868478e+02
7.040000e+02, 9.018223e+02
7.042500e+02, 8.923439e+02
7.045000e+02, 8.877053e+02
7.047500e+02, 8.841904e+02
7.050000e+02, 8.992680e+02
7.052500e+02, 9.046487e+02
7.055000e+02, 9.013192e+02
7.057500e+02, 9.018798e+02
7.060000e+02, 8.939931e+02
7.062500e+02, 8.996447e+02
7.065000e+02, 9.079844e+02
7.067500e+02, 9.107415e+02
7.070000e+02, 8.847510e+02
7.072500e+02, 8.754249e+02
7.075000e+02, 8.830770e+02
7.077500e+02, 9.036680e+02
7.080000e+02, 9.105267e+02
7.082500e+02, 9.215696e+02
7.085000e+02, 9.061015e+02
7.087500e+02, 8.867513e+02
7.090000e+02, 8.674413e+02
7.092500e+02, 8.686187e+02
7.095000e+02, 8.691986e+02
7.097500e+02, 8.544601e+02
7.100000e+02, 8.599995e+02
7.102500e+02, 8.686652e+02
7.105000e+02, 8.783655e+02
7.107500e+02, 8.758815e+02
7.110000e+02, 8.742546e+02
7.112500e+02, 8.916584e+02
7.115000e+02, 8.985012e+02
7.117500e+02, 8.732625e+02
7.120000e+02, 8.538884e+02
7.122500e+02, 8.607712e+02
7.125000e+02, 8.659680e+02
7.127500e+02, 8.737286e+02
7.130000e+02, 8.765173e+02
7.132500e+02, 8.890164e+02
7.135000e+02, 8.657779e+02
7.137500e+02, 8.392362e+02
7.140000e+02, 8.305464e+02
7.142500e+02, 8.444045e+02
7.145000e+02, 8.521735e+02
7.147500e+02, 8.645098e+02
7.150000e+02, 8.722784e+02
7.152500e+02, 8.803215e+02
7.155000e+02, 8.979344e+02
7.157500e+02, 8.654395e+02
7.160000e+02, 8.490643e+02
7.162500e+02, 8.655530e+02
7.165000e+02, 8.739196e+02
7.167500e+02, 8.627231e+02
7.170000e+02, 8.565667e+02
7.172500e+02, 8.437404e+02
7.175000e+02, 8.347383e+02
7.177500e+02, 8.375156e+02
7.180000e+02, 8.414352e+02
7.182500e+02, 8.375228e+02
7.185000e+02, 8.213414e+02
7.187500e+02, 8.318431e+02
7.190000e+02, 8.380940e+02
7.192500e+02, 8.234515e+02
7.195000e+02, 8.145726e+02
7.197500e+02, 8.198593e+02
7.200000e+02, 8.252858e+02
7.202500e+02, 8.239348e+02
7.205000e+02, 8.138944e+02
7.207500e+02, 7.940722e+02
7.210000e+02, 7.992712e+02
7.212500e+02, 8.118797e+02
7.215000e+02, 8.223625e+02
7.217500e+02, 8.059614e+02
7.220000e+02, 7.997631e+02
7.222500e+02, 8.026001e+02
7.225000e+02, 8.105407e+02
7.227500e+02, 8.150989e+02
7.230000e+02, 8.219931e+02
7.232500e+02, 8.269149e+02
7.235000e+02, 8.346652e+02
7.237500e+02, 8.270578e+02
7.240000e+02, 8.197698e+02
7.242500e+02, 8.069503e+02
7.245000e+02, 8.033488e+02
7.247500e+02, 8.087494e+02
7.250000e+02, 8.045251e+02
7.252500e+02, 8.006252e+02
7.255000e+02, 7.920970e+02
7.257500e+02, 8.004396e+02
7.260000e+02, 8.038013e+02
7.262500e+02, 7.829011e+02
7.265000e+02, 7.681182e+02
7.267500e+02, 7.870950e+02
7.270000e+02, 7.964788e+02
7.272500e+02, 8.051357e+02
7.275000e+02, 8.160440e+02
7.277500e+02, 8.106227e+02
7.280000e+02, 7.936212e+02
7.282500e+02, 7.669124e+02
7.285000e+02, 7.580639e+02
7.287500e+02, 7.498663e+02
7.290000e+02, 7.524936e+02
7.292500e+02, 7.529254e+02
7.295000e+02, 7.620918e+02
7.297500e+02, 7.850156e+02
7.300000e+02, 7.928706e+02
7.302500e+02, 7.897842e+02
7.305000e+02, 7.889570e+02
7.307500e+02, 7.853193e+02
7.310000e+02, 7.670194e+02
7.312500e+02, 7.690911e+02
7.315000e+02, 7.527643e+02
7.317500e+02, 7.578256e+02
7.320000e+02, 7.633179e+02
7.322500e+02, 7.859730e+02
7.325000e+02, 7.716119e+02
7.327500e+02, 7.476981e+02
7.330000e+02, 7.599115e+02
7.332500e+02, 7.781857e+02
7.335000e+02, 7.715312e+02
7.337500e+02, 7.480997e+02
7.340000e+02, 7.449177e+02
7.342500e+02, 7.580235e+02
7.345000e+02, 7.704046e+02
7.347500e+02, 7.566238e+02
7.350000e+02, 7.663636e+02
7.352500e+02, 7.739797e+02
7.355000e+02, 7.795533e+02
7.357500e+02, 7.754932e+02
7.360000e+02, 7.696729e+02
7.362500e+02, 7.518188e+02
7.365000e+02, 7.632508e+02
7.367500e+02, 7.758163e+02
7.370000e+02, 7.910069e+02
7.372500e+02, 7.873693e+02
7.375000e+02, 7.767578e+02
7.377500e+02, 7.632827e+02
7.380000e+02, 7.604710e+02
7.382500e+02, 7.570526e+02
7.385000e+02, 7.724346e+02
7.387500e+02, 7.685769e+02
7.390000e+02, 7.603838e+02
7.392500e+02, 7.536059e+02
7.395000e+02, 7.587626e+02
7.397500e+02, 7.500270e+02
7.400000e+02, 7.511042e+02
7.402500e+02, 7.593568e+02
7.405000e+02, 7.545873e+02
7.407500e+02, 7.439478e+02
7.410000e+02, 7.447039e+02
7.412500e+02, 7.500293e+02
7.415000e+02, 7.549841e+02
7.417500e+02, 7.658912e+02
7.420000e+02, 7.441587e+02
7.422500e+02, 7.218950e+02
7.425000e+02, 7.159058e+02
7.427500e+02, 7.163993e+02
7.430000e+02, 7.256485e+02
7.432500e+02, 7.260299e+02
7.435000e+02, 7.421644e+02
7.437500e+02, 7.669497e+02
7.440000e+02, 7.659223e+02
7.442500e+02, 7.551722e+02
7.445000e+02, 7.412584e+02
7.447500e+02, 7.280821e+02
7.450000e+02, 7.255975e+02
7.452500e+02, 7.422269e+02
7.455000e+02, 7.457504e+02
7.457500e+02, 7.479069e+02
7.460000e+02, 7.423304e+02
7.462500e+02, 7.514894e+02
7.465000e+02, 7.443488e+02
7.467500e+02, 7.340673e+02
7.470000e+02, 7.242397e+02
7.472500e+02, 7.139943e+02
7.475000e+02, 7.081265e+02
7.477500e+02, 7.280511e+02
7.480000e+02, 7.513244e+02
7.482500e+02, 7.494451e+02
7.485000e+02, 7.405607e+02
7.487500e+02, 7.385198e+02
7.490000e+02, 7.297639e+02
7.492500e+02, 7.300051e+02
7.495000e+02, 7.287423e+02
7.497500e+02, 7.228103e+02
7.500000e+02, 7.171602e+02
7.502500e+02, 7.049727e+02
7.505000e+02, 7.103511e+02
7.507500e+02, 7.246012e+02
7.510000e+02, 7.421825e+02
7.512500e+02, 7.340535e+02
7.515000e+02, 7.258349e+02
7.517500e+02, 7.209135e+02
7.520000e+02, 7.232960e+02
7.522500e+02, 7.327814e+02
7.525000e+02, 7.259304e+02
7.527500e+02, 7.239293e+02
7.530000e+02, 7.189113e+02
7.532500e+02, 7.125964e+02
7.535000e+02, 7.018342e+02
7.537500e+02, 6.948968e+02
7.540000e+02, 6.943366e+02
7.542500e+02, 7.069900e+02
7.545000e+02, 7.051675e+02
7.547500e+02, 7.159456e+02
7.550000e+02, 7.215063e+02
7.552500e+02, 7.279533e+02
7.555000e+02, 7.326185e+02
7.557500e+02, 7.209164e+02
7.560000e+02, 7.069377e+02
7.562500e+02, 7.014583e+02
7.565000e+02, 7.013804e+02
7.567500e+02, 6.964950e+02
7.570000e+02, 6.806465e+02
7.572500e+02, 6.740100e+02
7.575000e+02, 6.718290e+02
7.577500e+02, 6.772255e+02
7.580000e+02, 6.688237e+02
7.582500e+02, 6.715899e+02
7.585000e+02, 6.868028e+02
7.587500e+02, 6.841086e+02
7.590000e+02, 6.963039e+02
7.592500e+02, 6.825330e+02
7.595000e+02, 6.738140e+02
7.597500e+02, 6.715670e+02
7.600000e+02, 6.785000e+02
7.602500e+02, 6.968490e+02
7.605000e+02, 6.829585e+02
7.607500e+02, 6.905627e+02
7.610000e+02, 6.943314e+02
7.612500e+02, 6.789661e+02
7.615000e+02, 6.772000e+02
7.617500e+02, 6.842781e+02
7.620000e+02, 6.905361e+02
