4.755000e+02, -5.250807e+01
4.757500e+02, -5.622099e+01
4.760000e+02, -3.577923e+01
4.762500e+02, -3.280544e+01
4.765000e+02, -2.590784e+01
4.767500e+02, -3.742883e+00
4.770000e+02, -1.774889e+01
4.772500e+02, -5.763485e+01
4.775000e+02, -2.877884e+01
4.777500e+02, -6.037288e-01
4.780000e+02, -2.884807e+01
4.782500e+02, -3.865609e+01
4.785000e+02, 1.982109e+01
4.787500e+02, 4.106046e+01
4.790000e+02, 2.924974e+01
4.792500e+02, 1.709362e+01
4.795000e+02, 2.056167e+01
4.797500e+02, 6.679496e+00
4.800000e+02, 1.773682e+01
4.802500e+02, 3.516744e+01
4.805000e+02, 4.102319e+01
4.807500e+02, 4.243351e+01
4.810000e+02, 4.343805e+01
4.812500e+02, 3.152501e+01
4.815000e+02, 1.433672e+01
4.817500e+02, 1.303635e+01
4.820000e+02, -1.252095e+01
4.822500e+02, -1.424241e+01
4.825000e+02, -2.585437e+01
4.827500e+02, -1.779853e+01
4.830000e+02, -1.227175e+01
4.832500e+02, -1.463295e+01
4.835000e+02, 1.854859e+01
4.837500e+02, 2.960018e+01
4.840000e+02, -3.004667e-01
4.842500e+02, -1.807721e+01
4.845000e+02, -2.402269e+01
4.847500e+02, -2.269694e+01
4.850000e+02, 2.149399e+00
4.852500e+02, 2.365563e+00
4.855000e+02, -3.355272e+01
4.857500e+02, -3.476508e+01
4.860000e+02, -2.832566e+01
4.862500e+02, -5.869938e-01
4.865000e+02, 3.544481e+00
4.867500e+02, -9.315543e+00
4.870000e+02, -1.406188e+01
4.872500e+02, -7.573374e+00
4.875000e+02, -2.359666e+01
4.877500e+02, -1.195164e+00
4.880000e+02, 1.881311e+01
4.882500e+02, 2.749179e+01
4.885000e+02, 8.951015e+00
4.887500e+02, -1.284440e+01
4.890000e+02, -3.351033e+01
4.892500e+02, -2.521821e+01
4.895000e+02, -3.327506e+00
4.897500e+02, 1.241685e+01
4.900000e+02, 3.940063e+00
4.902500e+02, 6.904138e+00
4.905000e+02, 2.961771e+01
4.907500e+02, 4.713415e+00
4.910000e+02, 1.083391e+01
4.912500e+02, 2.377695e+01
4.915000e+02, 4.420374e+01
4.917500e+02, 3.382303e+01
4.920000e+02, 3.915468e+01
4.922500e+02, 2.996771e+01
4.925000e+02, 3.758552e+01
4.927500e+02, 3.794267e+01
4.930000e+02, 8.831268e+00
4.932500e+02, -2.937850e+01
4.935000e+02, -5.249815e+01
4.937500e+02, -3.519902e+01
4.940000e+02, -2.267653e+01
4.942500e+02, -1.622256e+01
4.945000e+02, -1.740928e+01
4.947500e+02, -4.241097e+00
4.950000e+02, 1.273654e+01
4.952500e+02, 9.891887e+00
4.955000e+02, 2.043611e+01
4.957500e+02, 2.178988e+01
4.960000e+02, 1.840344e+01
4.962500e+02, 1.187429e+01
4.965000e+02, 2.002996e+01
4.967500e+02, 6.054858e+01
4.970000e+02, 6.833449e+01
4.972500e+02, 7.410050e+01
4.975000e+02, 3.020532e+01
4.977500e+02, 3.299784e+01
4.980000e+02, 2.633611e+01
4.982500e+02, 4.320841e+01
4.985000e+02, 4.123410e+01
4.987500e+02, 9.351999e+00
4.990000e+02, -9.246992e+00
4.992500e+02, -4.356549e+00
4.995000e+02, 3.944108e+00
4.997500e+02, 7.584468e+00
5.000000e+02, 6.124045e+00
5.002500e+02, 2.637920e+01
5.005000e+02, 3.788248e+01
5.007500e+02, 2.639187e+01
5.010000e+02, 1.306742e+01
5.012500e+02, -4.879592e+00
5.015000e+02, -9.076293e+00
5.017500e+02, 5.131343e+00
5.020000e+02, 1.147814e+01
5.022500e+02, 1.728356e+01
5.025000e+02, 1.896402e+01
5.027500e+02, 1.492438e+01
5.030000e+02, -3.520201e+00
5.032500e+02, -2.216883e+01
5.035000e+02, -1.535908e+01
5.037500e+02, 2.234495e+00
5.040000e+02, -7.235546e+00
5.042500e+02, 5.187940e+00
5.045000e+02, -2.857696e+01
5.047500e+02, -3.330189e+01
5.050000e+02, -3.743818e+01
5.052500e+02, -7.177470e+01
5.055000e+02, -5.342595e+01
5.057500e+02, -4.913579e+01
5.060000e+02, -3.361463e+01
5.062500e+02, -4.273743e+01
5.065000e+02, -5.602849e+01
5.067500e+02, -7.618744e+01
5.070000e+02, -5.356202e+01
5.072500e+02, -2.505718e+01
5.075000e+02, -1.196294e+01
5.077500e+02, 1.487269e+01
5.080000e+02, 3.854340e+01
5.082500e+02, 4.631388e+01
5.085000e+02, 1.618552e+01
5.087500e+02, 1.690523e+01
5.090000e+02, 4.728822e+01
5.092500e+02, 6.855145e+01
5.095000e+02, 2.711001e+01
5.097500e+02, 6.319763e+00
5.100000e+02, 2.366825e+01
5.102500e+02, 2.448654e+01
5.105000e+02, -3.321729e+00
5.107500e+02, -2.469548e+01
5.110000e+02, -5.213586e+01
5.112500e+02, -6.302192e+01
5.115000e+02, -7.335319e+01
5.117500e+02, -5.768544e+01
5.120000e+02, -2.859704e+01
5.122500e+02, -4.184256e+00
5.125000e+02, 4.204663e+00
5.127500e+02, 4.106822e+00
5.130000e+02, 1.161701e+01
5.132500e+02, -7.683198e+00
5.135000e+02, -6.493618e+00
5.137500e+02, 1.428795e+01
5.140000e+02, 1.540225e+01
5.142500e+02, 2.153063e+00
5.145000e+02, 1.890266e+01
5.147500e+02, 9.655005e+00
5.150000e+02, 7.678587e+00
5.152500e+02, -3.083409e+00
5.155000e+02, 1.041561e+01
5.157500e+02, 3.434638e+01
5.160000e+02, 1.853192e+01
5.162500e+02, 3.772540e+01
5.165000e+02, 4.005521e+01
5.167500e+02, 3.460610e+00
5.170000e+02, -2.800373e+01
5.172500e+02, -1.296469e+01
5.175000e+02, 8.346131e+00
5.177500e+02, 4.414071e+01
5.180000e+02, 2.645701e+01
5.182500e+02, -1.920234e+01
5.185000e+02, -1.823442e+01
5.187500e+02, -1.083742e+01
5.190000e+02, -3.185604e+01
5.192500e+02, -2.316639e+01
5.195000e+02, -9.248362e+00
5.197500e+02, 1.392945e+00
5.200000e+02, 3.450800e+00
5.202500e+02, 1.267404e+01
5.205000e+02, 2.097185e+01
5.207500e+02, 2.308258e+01
5.210000e+02, 3.640079e+01
5.212500e+02, 2.650957e+01
5.215000e+02, 3.156967e+00
5.217500e+02, -1.890197e+01
5.220000e+02, -2.977283e+01
5.222500e+02, -3.159942e+01
5.225000e+02, -1.718606e+01
5.227500e+02, -2.238501e+01
5.230000e+02, -4.596777e+01
5.232500e+02, -5.325300e+01
5.235000e+02, -3.683478e+01
5.237500e+02, -3.295660e+01
5.240000e+02, -2.941664e+01
5.242500e+02, -2.935598e+01
5.245000e+02, -3.029150e+01
5.247500e+02, -3.195508e+01
5.250000e+02, -4.724857e+01
5.252500e+02, -3.954857e+01
5.255000e+02, -3.951833e+01
5.257500e+02, -3.885663e+01
5.260000e+02, 9.985346e+00
5.262500e+02, 1.594224e+01
5.265000e+02, 2.051059e+01
5.267500e+02, 1.087273e+01
5.270000e+02, 5.050879e+00
5.272500e+02, 7.902026e+00
5.275000e+02, 4.146540e+01
5.277500e+02, 3.820967e+01
5.280000e+02, 4.513840e+01
5.282500e+02, 3.244944e+01
5.285000e+02, 3.079595e+00
5.287500e+02, 1.135061e+01
5.290000e+02, 9.405577e+00
5.292500e+02, 1.209010e+01
5.295000e+02, 3.009825e+01
5.297500e+02, 1.999916e+01
5.300000e+02, 1.502030e+01
5.302500e+02, 5.462817e+01
5.305000e+02, 6.705354e+01
5.307500e+02, 5.418757e+01
5.310000e+02, 5.292302e+01
5.312500e+02, 8.574323e+01
5.315000e+02, 1.224473e+02
5.317500e+02, 1.449221e+02
5.320000e+02, 1.720613e+02
5.322500e+02, 2.047105e+02
5.325000e+02, 2.260784e+02
5.327500e+02, 2.167017e+02
5.330000e+02, 2.070269e+02
5.332500e+02, 2.162399e+02
5.335000e+02, 2.207249e+02
5.337500e+02, 2.377495e+02
5.340000e+02, 2.283759e+02
5.342500e+02, 1.954603e+02
5.345000e+02, 2.050067e+02
5.347500e+02, 2.495856e+02
5.350000e+02, 2.889269e+02
5.352500e+02, 2.921961e+02
5.355000e+02, 3.349888e+02
5.357500e+02, 4.061584e+02
5.360000e+02, 4.831747e+02
5.362500e+02, 5.236192e+02
5.365000e+02, 5.563289e+02
5.367500e+02, 6.207323e+02
5.370000e+02, 6.908583e+02
5.372500e+02, 7.692748e+02
5.375000e+02, 8.752679e+02
5.377500e+02, 9.633944e+02
5.380000e+02, 1.044802e+03
5.382500e+02, 1.111264e+03
5.385000e+02, 1.184752e+03
5.387500e+02, 1.256530e+03
5.390000e+02, 1.287449e+03
5.392500e+02, 1.337911e+03
5.395000e+02, 1.339457e+03
5.397500e+02, 1.375438e+03
5.400000e+02, 1.414494e+03
5.402500e+02, 1.417814e+03
5.405000e+02, 1.411077e+03
5.407500e+02, 1.421282e+03
5.410000e+02, 1.394486e+03
5.412500e+02, 1.349898e+03
5.415000e+02, 1.340538e+03
5.417500e+02, 1.318013e+03
5.420000e+02, 1.294434e+03
5.422500e+02, 1.229187e+03
5.425000e+02, 1.210479e+03
5.427500e+02, 1.188714e+03
5.430000e+02, 1.187188e+03
5.432500e+02, 1.168245e+03
5.435000e+02, 1.147142e+03
5.437500e+02, 1.116472e+03
5.440000e+02, 1.081153e+03
5.442500e+02, 1.033300e+03
5.445000e+02, 1.021220e+03
5.447500e+02, 1.000959e+03
5.450000e+02, 9.753185e+02
5.452500e+02, 9.609257e+02
5.455000e+02, 9.563094e+02
5.457500e+02, 9.643154e+02
5.460000e+02, 9.489451e+02
5.462500e+02, 9.201212e+02
5.465000e+02, 8.975587e+02
5.467500e+02, 9.030390e+02
5.470000e+02, 8.984857e+02
5.472500e+02, 8.633129e+02
5.475000e+02, 8.475687e+02
5.477500e+02, 8.255190e+02
5.480000e+02, 8.006009e+02
5.482500e+02, 7.936505e+02
5.485000e+02, 8.047396e+02
5.487500e+02, 8.070364e+02
5.490000e+02, 7.781910e+02
5.492500e+02, 7.442927e+02
5.495000e+02, 7.374129e+02
5.497500e+02, 7.331486e+02
5.500000e+02, 7.398887e+02
5.502500e+02, 7.505347e+02
5.505000e+02, 7.430190e+02
5.507500e+02, 7.326469e+02
5.510000e+02, 7.136449e+02
5.512500e+02, 7.166469e+02
5.515000e+02, 7.192227e+02
5.517500e+02, 7.333405e+02
5.520000e+02, 7.473679e+02
5.522500e+02, 7.635919e+02
5.525000e+02, 7.836500e+02
5.527500e+02, 7.560929e+02
5.530000e+02, 7.494377e+02
5.532500e+02, 7.461799e+02
5.535000e+02, 7.845927e+02
5.537500e+02, 8.221522e+02
5.540000e+02, 8.270389e+02
5.542500e+02, 8.391245e+02
5.545000e+02, 8.609881e+02
5.547500e+02, 8.571111e+02
5.550000e+02, 8.584572e+02
5.552500e+02, 8.663055e+02
5.555000e+02, 8.821257e+02
5.557500e+02, 8.883259e+02
5.560000e+02, 9.055748e+02
5.562500e+02, 9.175469e+02
5.565000e+02, 9.320804e+02
5.567500e+02, 9.499035e+02
5.570000e+02, 9.885985e+02
5.572500e+02, 1.007486e+03
5.575000e+02, 1.000926e+03
5.577500e+02, 1.024762e+03
5.580000e+02, 1.017260e+03
5.582500e+02, 1.006803e+03
5.585000e+02, 1.020385e+03
5.587500e+02, 1.035445e+03
5.590000e+02, 1.100408e+03
5.592500e+02, 1.135995e+03
5.595000e+02, 1.163369e+03
5.597500e+02, 1.183319e+03
5.600000e+02, 1.162026e+03
5.602500e+02, 1.161714e+03
5.605000e+02, 1.175178e+03
5.607500e+02, 1.189707e+03
5.610000e+02, 1.212473e+03
5.612500e+02, 1.224371e+03
5.615000e+02, 1.239145e+03
5.617500e+02, 1.239449e+03
5.620000e+02, 1.238531e+03
5.622500e+02, 1.239812e+03
5.625000e+02, 1.238644e+03
5.627500e+02, 1.241374e+03
5.630000e+02, 1.229706e+03
5.632500e+02, 1.226772e+03
5.635000e+02, 1.208453e+03
5.637500e+02, 1.209824e+03
5.640000e+02, 1.195102e+03
5.642500e+02, 1.198451e+03
5.645000e+02, 1.213053e+03
5.647500e+02, 1.208558e+03
5.650000e+02, 1.247868e+03
5.652500e+02, 1.269817e+03
5.655000e+02, 1.218080e+03
5.657500e+02, 1.176911e+03
5.660000e+02, 1.196439e+03
5.662500e+02, 1.220096e+03
5.665000e+02, 1.251020e+03
5.667500e+02, 1.239755e+03
5.670000e+02, 1.240325e+03
5.672500e+02, 1.239057e+03
5.675000e+02, 1.258672e+03
5.677500e+02, 1.256223e+03
5.680000e+02, 1.246461e+03
5.682500e+02, 1.246971e+03
5.685000e+02, 1.254475e+03
5.687500e+02, 1.248221e+03
5.690000e+02, 1.246396e+03
5.692500e+02, 1.234942e+03
5.695000e+02, 1.203627e+03
5.697500e+02, 1.202679e+03
5.700000e+02, 1.201794e+03
5.702500e+02, 1.229150e+03
5.705000e+02, 1.229390e+03
5.707500e+02, 1.239627e+03
5.710000e+02, 1.212445e+03
5.712500e+02, 1.187444e+03
5.715000e+02, 1.193847e+03
5.717500e+02, 1.206546e+03
5.720000e+02, 1.202801e+03
5.722500e+02, 1.204210e+03
5.725000e+02, 1.188052e+03
5.727500e+02, 1.178660e+03
5.730000e+02, 1.182131e+03
5.732500e+02, 1.176885e+03
5.735000e+02, 1.168985e+03
5.737500e+02, 1.173603e+03
5.740000e+02, 1.169637e+03
5.742500e+02, 1.167189e+03
5.745000e+02, 1.183962e+03
5.747500e+02, 1.182355e+03
5.750000e+02, 1.155262e+03
5.752500e+02, 1.134785e+03
5.755000e+02, 1.128844e+03
5.757500e+02, 1.119652e+03
5.760000e+02, 1.133675e+03
5.762500e+02, 1.140661e+03
5.765000e+02, 1.149601e+03
5.767500e+02, 1.148664e+03
5.770000e+02, 1.156094e+03
5.772500e+02, 1.160155e+03
5.775000e+02, 1.163102e+03
5.777500e+02, 1.185451e+03
5.780000e+02, 1.190115e+03
5.782500e+02, 1.177820e+03
5.785000e+02, 1.183819e+03
5.787500e+02, 1.175298e+03
5.790000e+02, 1.145914e+03
5.792500e+02, 1.134671e+03
5.795000e+02, 1.129816e+03
5.797500e+02, 1.111226e+03
5.800000e+02, 1.116751e+03
5.802500e+02, 1.147106e+03
5.805000e+02, 1.141259e+03
5.807500e+02, 1.154473e+03
5.810000e+02, 1.159521e+03
5.812500e+02, 1.141367e+03
5.815000e+02, 1.133909e+03
5.817500e+02, 1.134044e+03
5.820000e+02, 1.139714e+03
5.822500e+02, 1.157105e+03
5.825000e+02, 1.180447e+03
5.827500e+02, 1.173973e+03
5.830000e+02, 1.204105e+03
5.832500e+02, 1.194559e+03
5.835000e+02, 1.209264e+03
5.837500e+02, 1.222467e+03
5.840000e+02, 1.192125e+03
5.842500e+02, 1.148841e+03
5.845000e+02, 1.132499e+03
5.847500e+02, 1.145942e+03
5.850000e+02, 1.164968e+03
5.852500e+02, 1.160738e+03
5.855000e+02, 1.133455e+03
5.857500e+02, 1.111002e+03
5.860000e+02, 1.123693e+03
5.862500e+02, 1.165345e+03
5.865000e+02, 1.185872e+03
5.867500e+02, 1.185479e+03
5.870000e+02, 1.207371e+03
5.872500e+02, 1.241842e+03
5.875000e+02, 1.260952e+03
5.877500e+02, 1.258772e+03
5.880000e+02, 1.223026e+03
5.882500e+02, 1.199906e+03
5.885000e+02, 1.177927e+03
5.887500e+02, 1.201387e+03
5.890000e+02, 1.220335e+03
5.892500e+02, 1.199535e+03
5.895000e+02, 1.199224e+03
5.897500e+02, 1.190777e+03
5.900000e+02, 1.209141e+03
5.902500e+02, 1.198707e+03
5.905000e+02, 1.212394e+03
5.907500e+02, 1.204252e+03
5.910000e+02, 1.201812e+03
5.912500e+02, 1.190817e+03
5.915000e+02, 1.191173e+03
5.917500e+02, 1.196095e+03
5.920000e+02, 1.178507e+03
5.922500e+02, 1.168184e+03
5.925000e+02, 1.190729e+03
5.927500e+02, 1.185915e+03
5.930000e+02, 1.166720e+03
5.932500e+02, 1.142742e+03
5.935000e+02, 1.151263e+03
5.937500e+02, 1.196936e+03
5.940000e+02, 1.193004e+03
5.942500e+02, 1.192313e+03
5.945000e+02, 1.208838e+03
5.947500e+02, 1.235632e+03
5.950000e+02, 1.224963e+03
5.952500e+02, 1.192994e+03
5.955000e+02, 1.168754e+03
5.957500e+02, 1.176907e+03
5.960000e+02, 1.191096e+03
5.962500e+02, 1.183681e+03
5.965000e+02, 1.160563e+03
5.967500e+02, 1.133595e+03
5.970000e+02, 1.155157e+03
5.972500e+02, 1.154080e+03
5.975000e+02, 1.123415e+03
5.977500e+02, 1.125408e+03
5.980000e+02, 1.158977e+03
5.982500e+02, 1.174429e+03
5.985000e+02, 1.179098e+03
5.987500e+02, 1.187764e+03
5.990000e+02, 1.178318e+03
5.992500e+02, 1.170998e+03
5.995000e+02, 1.168083e+03
5.997500e+02, 1.191091e+03
6.000000e+02, 1.187765e+03
6.002500e+02, 1.175607e+03
6.005000e+02, 1.193782e+03
6.007500e+02, 1.196205e+03
6.010000e+02, 1.192593e+03
6.012500e+02, 1.204419e+03
6.015000e+02, 1.190324e+03
6.017500e+02, 1.157116e+03
6.020000e+02, 1.155964e+03
6.022500e+02, 1.165443e+03
6.025000e+02, 1.184376e+03
6.027500e+02, 1.191600e+03
6.030000e+02, 1.180868e+03
6.032500e+02, 1.171344e+03
6.035000e+02, 1.177835e+03
6.037500e+02, 1.191786e+03
6.040000e+02, 1.160689e+03
6.042500e+02, 1.167090e+03
6.045000e+02, 1.167866e+03
6.047500e+02, 1.209312e+03
6.050000e+02, 1.241375e+03
6.052500e+02, 1.222562e+03
6.055000e+02, 1.174379e+03
6.057500e+02, 1.138779e+03
6.060000e+02, 1.130811e+03
6.062500e+02, 1.142936e+03
6.065000e+02, 1.145410e+03
6.067500e+02, 1.159726e+03
6.070000e+02, 1.173334e+03
6.072500e+02, 1.207124e+03
6.075000e+02, 1.196774e+03
6.077500e+02, 1.177769e+03
6.080000e+02, 1.211199e+03
6.082500e+02, 1.224302e+03
6.085000e+02, 1.186069e+03
6.087500e+02, 1.154242e+03
6.090000e+02, 1.142306e+03
6.092500e+02, 1.166716e+03
6.095000e+02, 1.166834e+03
6.097500e+02, 1.182605e+03
6.100000e+02, 1.205203e+03
6.102500e+02, 1.205031e+03
6.105000e+02, 1.195397e+03
6.107500e+02, 1.191148e+03
6.110000e+02, 1.207306e+03
6.112500e+02, 1.176660e+03
6.115000e+02, 1.166668e+03
6.117500e+02, 1.160651e+03
6.120000e+02, 1.146978e+03
6.122500e+02, 1.148439e+03
6.125000e+02, 1.160374e+03
6.127500e+02, 1.192061e+03
6.130000e+02, 1.209399e+03
6.132500e+02, 1.189389e+03
6.135000e+02, 1.185491e+03
6.137500e+02, 1.178985e+03
6.140000e+02, 1.179836e+03
6.142500e+02, 1.195870e+03
6.145000e+02, 1.201045e+03
6.147500e+02, 1.215403e+03
6.150000e+02, 1.198050e+03
6.152500e+02, 1.185085e+03
6.155000e+02, 1.178572e+03
6.157500e+02, 1.166187e+03
6.160000e+02, 1.146803e+03
6.162500e+02, 1.139844e+03
6.165000e+02, 1.110451e+03
6.167500e+02, 1.068871e+03
6.170000e+02, 1.090342e+03
6.172500e+02, 1.129178e+03
6.175000e+02, 1.169572e+03
6.177500e+02, 1.151795e+03
6.180000e+02, 1.137981e+03
6.182500e+02, 1.137365e+03
6.185000e+02, 1.139272e+03
6.187500e+02, 1.118602e+03
6.190000e+02, 1.127349e+03
6.192500e+02, 1.157139e+03
6.195000e+02, 1.172878e+03
6.197500e+02, 1.177380e+03
6.200000e+02, 1.181005e+03
6.202500e+02, 1.181083e+03
6.205000e+02, 1.166003e+03
6.207500e+02, 1.150904e+03
6.210000e+02, 1.157108e+03
6.212500e+02, 1.152844e+03
6.215000e+02, 1.136701e+03
6.217500e+02, 1.127713e+03
6.220000e+02, 1.145630e+03
6.222500e+02, 1.153677e+03
6.225000e+02, 1.157539e+03
6.227500e+02, 1.165662e+03
6.230000e+02, 1.159217e+03
6.232500e+02, 1.165440e+03
6.235000e+02, 1.136291e+03
6.237500e+02, 1.129938e+03
6.240000e+02, 1.146687e+03
6.242500e+02, 1.178058e+03
6.245000e+02, 1.173336e+03
6.247500e+02, 1.171093e+03
6.250000e+02, 1.150694e+03
6.252500e+02, 1.131160e+03
6.255000e+02, 1.123950e+03
6.257500e+02, 1.114579e+03
6.260000e+02, 1.117746e+03
6.262500e+02, 1.097490e+03
6.265000e+02, 1.107787e+03
6.267500e+02, 1.127365e+03
6.270000e+02, 1.120803e+03
6.272500e+02, 1.107770e+03
6.275000e+02, 1.111003e+03
6.277500e+02, 1.123612e+03
6.280000e+02, 1.126218e+03
6.282500e+02, 1.166660e+03
6.285000e+02, 1.156858e+03
6.287500e+02, 1.136327e+03
6.290000e+02, 1.134964e+03
6.292500e+02, 1.120936e+03
6.295000e+02, 1.124264e+03
6.297500e+02, 1.126707e+03
6.300000e+02, 1.140310e+03
6.302500e+02, 1.158581e+03
6.305000e+02, 1.195282e+03
6.307500e+02, 1.202503e+03
6.310000e+02, 1.174022e+03
6.312500e+02, 1.146992e+03
6.315000e+02, 1.140288e+03
6.317500e+02, 1.147472e+03
6.320000e+02, 1.159635e+03
6.322500e+02, 1.144425e+03
6.325000e+02, 1.116123e+03
6.327500e+02, 1.143117e+03
6.330000e+02, 1.155459e+03
6.332500e+02, 1.136723e+03
6.335000e+02, 1.113874e+03
6.337500e+02, 1.146903e+03
6.340000e+02, 1.161492e+03
6.342500e+02, 1.148873e+03
6.345000e+02, 1.125911e+03
6.347500e+02, 1.104158e+03
6.350000e+02, 1.104394e+03
6.352500e+02, 1.101963e+03
6.355000e+02, 1.109526e+03
6.357500e+02, 1.106718e+03
6.360000e+02, 1.091419e+03
6.362500e+02, 1.079101e+03
6.365000e+02, 1.073958e+03
6.367500e+02, 1.072465e+03
6.370000e+02, 1.071267e+03
6.372500e+02, 1.086219e+03
6.375000e+02, 1.099441e+03
6.377500e+02, 1.097989e+03
6.380000e+02, 1.076533e+03
6.382500e+02, 1.064265e+03
6.385000e+02, 1.065422e+03
6.387500e+02, 1.053136e+03
6.390000e+02, 1.056795e+03
6.392500e+02, 1.077448e+03
6.395000e+02, 1.087411e+03
6.397500e+02, 1.093670e+03
6.400000e+02, 1.119645e+03
6.402500e+02, 1.135499e+03
6.405000e+02, 1.135808e+03
6.407500e+02, 1.132563e+03
6.410000e+02, 1.113521e+03
6.412500e+02, 1.115112e+03
6.415000e+02, 1.101211e+03
6.417500e+02, 1.051036e+03
6.420000e+02, 1.014347e+03
6.422500e+02, 1.044319e+03
6.425000e+02, 1.066719e+03
6.427500e+02, 1.065560e+03
6.430000e+02, 1.051352e+03
6.432500e+02, 1.059720e+03
6.435000e+02, 1.056714e+03
6.437500e+02, 1.066614e+03
6.440000e+02, 1.068022e+03
6.442500e+02, 1.083486e+03
6.445000e+02, 1.093345e+03
6.447500e+02, 1.106968e+03
6.450000e+02, 1.129680e+03
6.452500e+02, 1.133557e+03
6.455000e+02, 1.107340e+03
6.457500e+02, 1.076667e+03
6.460000e+02, 1.059965e+03
6.462500e+02, 1.032492e+03
6.465000e+02, 1.012677e+03
6.467500e+02, 1.024606e+03
6.470000e+02, 1.064819e+03
6.472500e+02, 1.086563e+03
6.475000e+02, 1.069494e+03
6.477500e+02, 1.056416e+03
6.480000e+02, 1.062204e+03
6.482500e+02, 1.075682e+03
6.485000e+02, 1.062906e+03
6.487500e+02, 1.080539e+03
6.490000e+02, 1.087780e+03
6.492500e+02, 1.075975e+03
6.495000e+02, 1.061622e+03
6.497500e+02, 1.064521e+03
6.500000e+02, 1.069801e+03
6.502500e+02, 1.088302e+03
6.505000e+02, 1.070639e+03
6.507500e+02, 1.050954e+03
6.510000e+02, 1.059132e+03
6.512500e+02, 1.061003e+03
6.515000e+02, 1.059629e+03
6.517500e+02, 1.061980e+03
6.520000e+02, 1.055222e+03
6.522500e+02, 1.066010e+03
6.525000e+02, 1.071464e+03
6.527500e+02, 1.069726e+03
6.530000e+02, 1.071858e+03
6.532500e+02, 1.054813e+03
6.535000e+02, 1.045497e+03
6.537500e+02, 1.048698e+03
6.540000e+02, 1.062142e+03
6.542500e+02, 1.054137e+03
6.545000e+02, 1.038828e+03
6.547500e+02, 1.032019e+03
6.550000e+02, 1.017631e+03
6.552500e+02, 1.030124e+03
6.555000e+02, 1.045905e+03
6.557500e+02, 1.052830e+03
6.560000e+02, 1.044820e+03
6.562500e+02, 1.045480e+03
6.565000e+02, 1.056433e+03
6.567500e+02, 1.072307e+03
6.570000e+02, 1.062420e+03
6.572500e+02, 1.043939e+03
6.575000e+02, 1.034981e+03
6.577500e+02, 1.016624e+03
6.580000e+02, 9.841963e+02
6.582500e+02, 9.491724e+02
6.585000e+02, 9.735419e+02
6.587500e+02, 1.015815e+03
6.590000e+02, 1.028866e+03
6.592500e+02, 1.001144e+03
6.595000e+02, 9.949255e+02
6.597500e+02, 1.001095e+03
6.600000e+02, 1.025519e+03
6.602500e+02, 1.024469e+03
6.605000e+02, 1.013198e+03
6.607500e+02, 1.027797e+03
6.610000e+02, 1.034908e+03
6.612500e+02, 1.014643e+03
6.615000e+02, 1.035990e+03
6.617500e+02, 1.044946e+03
6.620000e+02, 1.017636e+03
6.622500e+02, 1.004027e+03
6.625000e+02, 1.033006e+03
6.627500e+02, 1.036467e+03
6.630000e+02, 1.025087e+03
6.632500e+02, 1.022454e+03
6.635000e+02, 9.961686e+02
6.637500e+02, 9.981380e+02
6.640000e+02, 9.973668e+02
6.642500e+02, 9.805650e+02
6.645000e+02, 1.005065e+03
6.647500e+02, 1.002344e+03
6.650000e+02, 9.740723e+02
6.652500e+02, 9.803991e+02
6.655000e+02, 1.002509e+03
6.657500e+02, 1.013329e+03
6.660000e+02, 1.000438e+03
6.662500e+02, 9.892517e+02
6.665000e+02, 1.013007e+03
6.667500e+02, 1.029590e+03
6.670000e+02, 1.007164e+03
6.672500e+02, 9.874023e+02
6.675000e+02, 1.007945e+03
6.677500e+02, 1.011495e+03
6.680000e+02, 1.000691e+03
6.682500e+02, 9.909723e+02
6.685000e+02, 9.932921e+02
6.687500e+02, 1.001312e+03
6.690000e+02, 1.008779e+03
6.692500e+02, 1.016882e+03
6.695000e+02, 1.011795e+03
6.697500e+02, 1.001393e+03
6.700000e+02, 9.794458e+02
6.702500e+02, 9.414936e+02
6.705000e+02, 9.545555e+02
6.707500e+02, 9.624226e+02
6.710000e+02, 9.605370e+02
6.712500e+02, 9.459637e+02
6.715000e+02, 9.566151e+02
6.717500e+02, 9.668177e+02
6.720000e+02, 9.826989e+02
6.722500e+02, 9.973036e+02
6.725000e+02, 9.789301e+02
6.727500e+02, 9.650372e+02
6.730000e+02, 9.628284e+02
6.732500e+02, 9.679246e+02
6.735000e+02, 9.549938e+02
6.737500e+02, 9.409140e+02
6.740000e+02, 9.493848e+02
6.742500e+02, 9.791620e+02
6.745000e+02, 9.963871e+02
6.747500e+02, 9.863746e+02
6.750000e+02, 9.641497e+02
6.752500e+02, 9.594271e+02
6.755000e+02, 9.547466e+02
6.757500e+02, 9.278881e+02
6.760000e+02, 9.142017e+02
6.762500e+02, 9.167806e+02
6.765000e+02, 9.204508e+02
6.767500e+02, 9.398076e+02
6.770000e+02, 9.370612e+02
6.772500e+02, 9.242690e+02
6.775000e+02, 9.307078e+02
6.777500e+02, 9.400463e+02
6.780000e+02, 9.623744e+02
6.782500e+02, 9.600761e+02
6.785000e+02, 9.472439e+02
6.787500e+02, 9.394933e+02
6.790000e+02, 9.291727e+02
6.792500e+02, 9.293123e+02
6.795000e+02, 9.180898e+02
6.797500e+02, 9.170334e+02
6.800000e+02, 9.248961e+02
6.802500e+02, 9.432842e+02
6.805000e+02, 9.313152e+02
6.807500e+02, 9.177142e+02
6.810000e+02, 9.286791e+02
6.812500e+02, 9.127281e+02
6.815000e+02, 9.109866e+02
6.817500e+02, 8.910421e+02
6.820000e+02, 8.989187e+02
6.822500e+02, 8.975391e+02
6.825000e+02, 8.966732e+02
6.827500e+02, 9.024044e+02
6.830000e+02, 8.934095e+02
6.832500e+02, 8.993469e+02
6.835000e+02, 9.134934e+02
6.837500e+02, 9.048701e+02
6.840000e+02, 8.938798e+02
6.842500e+02, 8.944857e+02
6.845000e+02, 8.828185e+02
6.847500e+02, 9.034240e+02
6.850000e+02, 9.226485e+02
6.852500e+02, 9.086163e+02
6.855000e+02, 9.051568e+02
6.857500e+02, 9.134034e+02
6.860000e+02, 8.934550e+02
6.862500e+02, 8.887037e+02
6.865000e+02, 8.965839e+02
6.867500e+02, 9.089219e+02
6.870000e+02, 9.112282e+02
6.872500e+02, 9.061839e+02
6.875000e+02, 9.076522e+02
6.877500e+02, 8.838535e+02
6.880000e+02, 8.801383e+02
6.882500e+02, 8.975942e+02
6.885000e+02, 9.123234e+02
6.887500e+02, 9.174390e+02
6.890000e+02, 8.973531e+02
6.892500e+02, 9.001470e+02
6.895000e+02, 9.004719e+02
6.897500e+02, 9.050925e+02
6.900000e+02, 9.086138e+02
6.902500e+02, 9.073871e+02
6.905000e+02, 9.092416e+02
6.907500e+02, 9.288691e+02
6.910000e+02, 9.192277e+02
6.912500e+02, 9.084827e+02
6.915000e+02, 8.938549e+02
6.917500e+02, 9.034824e+02
6.920000e+02, 9.137874e+02
6.922500e+02, 9.095096e+02
6.925000e+02, 8.959092e+02
6.927500e+02, 8.877570e+02
6.930000e+02, 8.841417e+02
6.932500e+02, 9.029003e+02
6.935000e+02, 9.241993e+02
6.937500e+02, 9.375555e+02
6.940000e+02, 9.282714e+02
6.942500e+02, 9.134623e+02
6.945000e+02, 9.038030e+02
6.947500e+02, 8.955027e+02
6.950000e+02, 8.775837e+02
6.952500e+02, 8.746014e+02
6.955000e+02, 8.987300e+02
6.957500e+02, 8.931119e+02
6.960000e+02, 8.946807e+02
6.962500e+02, 8.838779e+02
6.965000e+02, 8.705742e+02
6.967500e+02, 8.679006e+02
6.970000e+02, 8.716128e+02
6.972500e+02, 8.696866e+02
6.975000e+02, 8.492932e+02
6.977500e+02, 8.554301e+02
6.980000e+02, 8.575917e+02
6.982500e+02, 8.604518e+02
6.985000e+02, 8.392725e+02
6.987500e+02, 8.301619e+02
6.990000e+02, 8.347226e+02
6.992500e+02, 8.410345e+02
6.995000e+02, 8.795745e+02
6.997500e+02, 9.156782e+02
7.000000e+02, 9.233953e+02
7.002500e+02, 8.836519e+02
7.005000e+02, 8.458146e+02
7.007500e+02, 8.429335e+02
7.010000e+02, 8.542187e+02
7.012500e+02, 8.831845e+02
7.015000e+02, 8.942086e+02
7.017500e+02, 8.620677e+02
7.020000e+02, 8.527095e+02
7.022500e+02, 8.533547e+02
7.025000e+02, 8.510137e+02
7.027500e+02, 8.623843e+02
7.030000e+02, 8.525737e+02
7.032500e+02, 8.387198e+02
7.035000e+02, 8.358968e+02
7.037500e+02, 8.208718e+02
7.040000e+02, 8.123624e+02
7.042500e+02, 8.186016e+02
7.045000e+02, 8.128050e+02
7.047500e+02, 8.114712e+02
7.050000e+02, 8.261949e+02
7.052500e+02, 8.474589e+02
7.055000e+02, 8.510190e+02
7.057500e+02, 8.455032e+02
7.060000e+02, 8.338702e+02
7.062500e+02, 8.276823e+02
7.065000e+02, 8.396731e+02
7.067500e+02, 8.231456e+02
7.070000e+02, 8.199842e+02
7.072500e+02, 8.161517e+02
7.075000e+02, 8.125905e+02
7.077500e+02, 8.233470e+02
7.080000e+02, 8.236260e+02
7.082500e+02, 8.238878e+02
7.085000e+02, 8.267679e+02
7.087500e+02, 8.259388e+02
7.090000e+02, 8.214813e+02
7.092500e+02, 8.127714e+02
7.095000e+02, 8.237813e+02
7.097500e+02, 8.196749e+02
7.100000e+02, 8.225765e+02
7.102500e+02, 8.415021e+02
7.105000e+02, 8.527064e+02
7.107500e+02, 8.473555e+02
7.110000e+02, 8.582661e+02
7.112500e+02, 8.568821e+02
7.115000e+02, 8.346155e+02
7.117500e+02, 8.210881e+02
7.120000e+02, 8.130498e+02
7.122500e+02, 8.101866e+02
7.125000e+02, 8.018736e+02
7.127500e+02, 8.072828e+02
7.130000e+02, 8.144509e+02
7.132500e+02, 8.043774e+02
7.135000e+02, 7.906031e+02
7.137500e+02, 8.100269e+02
7.140000e+02, 8.235245e+02
7.142500e+02, 8.308538e+02
7.145000e+02, 8.398779e+02
7.147500e+02, 8.434899e+02
7.150000e+02, 8.484686e+02
7.152500e+02, 8.518710e+02
7.155000e+02, 8.347597e+02
7.157500e+02, 8.246560e+02
7.160000e+02, 8.090122e+02
7.162500e+02, 8.118582e+02
7.165000e+02, 8.112446e+02
7.167500e+02, 8.088843e+02
7.170000e+02, 8.236031e+02
7.172500e+02, 8.212742e+02
7.175000e+02, 8.174929e+02
7.177500e+02, 8.126609e+02
7.180000e+02, 8.016528e+02
7.182500e+02, 8.043018e+02
7.185000e+02, 8.054750e+02
7.187500e+02, 8.099989e+02
7.190000e+02, 7.901873e+02
7.192500e+02, 8.058644e+02
7.195000e+02, 8.046544e+02
7.197500e+02, 7.940338e+02
7.200000e+02, 7.906351e+02
7.202500e+02, 8.007719e+02
7.205000e+02, 8.005861e+02
7.207500e+02, 7.952068e+02
7.210000e+02, 8.052112e+02
7.212500e+02, 8.113463e+02
7.215000e+02, 8.277008e+02
7.217500e+02, 8.089277e+02
7.220000e+02, 8.074765e+02
7.222500e+02, 7.905196e+02
7.225000e+02, 7.878484e+02
7.227500e+02, 7.965902e+02
7.230000e+02, 7.919936e+02
7.232500e+02, 8.056323e+02
7.235000e+02, 8.228260e+02
7.237500e+02, 8.203409e+02
7.240000e+02, 8.086484e+02
7.242500e+02, 7.888097e+02
7.245000e+02, 8.042334e+02
7.247500e+02, 8.130266e+02
7.250000e+02, 7.838269e+02
7.252500e+02, 7.726805e+02
7.255000e+02, 8.041346e+02
7.257500e+02, 8.050521e+02
7.260000e+02, 7.912231e+02
7.262500e+02, 7.796161e+02
7.265000e+02, 7.821821e+02
7.267500e+02, 7.938384e+02
7.270000e+02, 7.968771e+02
7.272500e+02, 7.741312e+02
7.275000e+02, 7.369124e+02
7.277500e+02, 7.499725e+02
7.280000e+02, 7.638574e+02
7.282500e+02, 7.678295e+02
7.285000e+02, 7.603276e+02
7.287500e+02, 7.498093e+02
7.290000e+02, 7.437292e+02
7.292500e+02, 7.601513e+02
7.295000e+02, 7.537515e+02
7.297500e+02, 7.515256e+02
7.300000e+02, 7.521332e+02
7.302500e+02, 7.421658e+02
7.305000e+02, 7.452464e+02
7.307500e+02, 7.256710e+02
7.310000e+02, 7.248815e+02
7.312500e+02, 7.417360e+02
7.315000e+02, 7.544923e+02
7.317500e+02, 7.667877e+02
7.320000e+02, 7.652087e+02
7.322500e+02, 7.551537e+02
7.325000e+02, 7.469632e+02
7.327500e+02, 7.453853e+02
7.330000e+02, 7.540577e+02
7.332500e+02, 7.702325e+02
7.335000e+02, 7.642903e+02
7.337500e+02, 7.551435e+02
7.340000e+02, 7.527838e+02
7.342500e+02, 7.533860e+02
7.345000e+02, 7.597189e+02
7.347500e+02, 7.621290e+02
7.350000e+02, 7.592778e+02
7.352500e+02, 7.513311e+02
7.355000e+02, 7.546920e+02
7.357500e+02, 7.495457e+02
7.360000e+02, 7.510389e+02
7.362500e+02, 7.551813e+02
7.365000e+02, 7.409730e+02
7.367500e+02, 7.381757e+02
7.370000e+02, 7.436835e+02
7.372500e+02, 7.488479e+02
7.375000e+02, 7.369490e+02
7.377500e+02, 7.330778e+02
7.380000e+02, 7.175688e+02
7.382500e+02, 6.961581e+02
7.385000e+02, 7.185074e+02
7.387500e+02, 7.415662e+02
7.390000e+02, 7.661019e+02
7.392500e+02, 7.669296e+02
7.395000e+02, 7.867107e+02
7.397500e+02, 7.926817e+02
7.400000e+02, 7.613503e+02
7.402500e+02, 7.443411e+02
7.405000e+02, 7.260437e+02
7.407500e+02, 7.071351e+02
7.410000e+02, 7.118518e+02
7.412500e+02, 7.286879e+02
7.415000e+02, 7.427586e+02
7.417500e+02, 7.297242e+02
7.420000e+02, 7.325414e+02
7.422500e+02, 7.350008e+02
7.425000e+02, 7.430754e+02
7.427500e+02, 7.465323e+02
7.430000e+02, 7.514379e+02
7.432500e+02, 7.638749e+02
7.435000e+02, 7.507364e+02
7.437500e+02, 7.311796e+02
7.440000e+02, 7.244470e+02
7.442500e+02, 7.311367e+02
7.445000e+02, 7.200182e+02
7.447500e+02, 7.175495e+02
7.450000e+02, 7.183887e+02
7.452500e+02, 7.019100e+02
7.455000e+02, 7.072268e+02
7.457500e+02, 7.172084e+02
7.460000e+02, 7.167079e+02
7.462500e+02, 6.934810e+02
7.465000e+02, 7.084033e+02
7.467500e+02, 7.016664e+02
7.470000e+02, 7.010093e+02
7.472500e+02, 7.126996e+02
7.475000e+02, 7.163228e+02
7.477500e+02, 7.088908e+02
7.480000e+02, 7.060214e+02
7.482500e+02, 7.073125e+02
7.485000e+02, 7.077167e+02
7.487500e+02, 7.080377e+02
7.490000e+02, 7.210383e+02
7.492500e+02, 7.309275e+02
7.495000e+02, 7.344495e+02
7.497500e+02, 7.127658e+02
7.500000e+02, 6.959788e+02
7.502500e+02, 6.868790e+02
7.505000e+02, 6.960995e+02
7.507500e+02, 7.103085e+02
7.510000e+02, 7.088934e+02
7.512500e+02, 7.109724e+02
7.515000e+02, 7.242158e+02
7.517500e+02, 7.052084e+02
7.520000e+02, 6.956025e+02
7.522500e+02, 6.956216e+02
7.525000e+02, 6.997384e+02
7.527500e+02, 7.058889e+02
7.530000e+02, 7.153611e+02
7.532500e+02, 7.145093e+02
7.535000e+02, 7.075275e+02
7.537500e+02, 7.005773e+02
7.540000e+02, 7.022339e+02
7.542500e+02, 6.991299e+02
7.545000e+02, 6.818661e+02
7.547500e+02, 6.913975e+02
7.550000e+02, 7.019273e+02
7.552500e+02, 6.913193e+02
7.555000e+02, 7.084067e+02
7.557500e+02, 7.318941e+02
7.560000e+02, 7.133761e+02
7.562500e+02, 6.971358e+02
7.565000e+02, 6.947236e+02
7.567500e+02, 6.791714e+02
7.570000e+02, 6.929533e+02
7.572500e+02, 7.122808e+02
7.575000e+02, 7.056089e+02
7.577500e+02, 6.920384e+02
7.580000e+02, 6.924581e+02
7.582500e+02, 7.007435e+02
7.585000e+02, 6.962560e+02
7.587500e+02, 6.861733e+02
7.590000e+02, 6.586992e+02
7.592500e+02, 6.408094e+02
7.595000e+02, 6.526766e+02
7.597500e+02, 6.687758e+02
7.600000e+02, 6.875901e+02
7.602500e+02, 6.837804e+02
7.605000e+02, 6.616304e+02
7.607500e+02, 6.771880e+02
7.610000e+02, 6.939185e+02
7.612500e+02, 6.907964e+02
7.615000e+02, 6.894328e+02
7.617500e+02, 6.947175e+02
7.620000e+02, 7.131956e+02
