2.560000e+02, -8.749492e+01
2.562500e+02, -6.088897e+00
2.565000e+02, 1.649774e+02
2.567500e+02, 1.196076e+02
2.570000e+02, -3.864777e+00
2.572500e+02, -5.193067e+01
2.575000e+02, -7.232425e+01
2.577500e+02, -7.004806e+01
2.580000e+02, -3.802518e+01
2.582500e+02, -1.075271e+02
2.585000e+02, -5.805300e+01
2.587500e+02, 3.492862e+01
2.590000e+02, 1.687442e+02
2.592500e+02, 1.338144e+02
2.595000e+02, 1.271904e+02
2.597500e+02, 1.666216e+02
2.600000e+02, 1.949333e+02
2.602500e+02, 1.810059e+02
2.605000e+02, 1.239731e+02
2.607500e+02, 8.738963e+01
2.610000e+02, 8.744662e+01
2.612500e+02, 4.090585e+01
2.615000e+02, -8.575499e+01
2.617500e+02, -1.488504e+02
2.620000e+02, -1.501130e+02
2.622500e+02, -4.303480e+01
2.625000e+02, 3.912072e+01
2.627500e+02, 1.965009e+00
2.630000e+02, -2.766361e+01
2.632500e+02, -1.257633e+02
2.635000e+02, -1.313914e+02
2.637500e+02, -1.924949e+00
2.640000e+02, -1.594859e+00
2.642500e+02, -8.556749e+01
2.645000e+02, -1.538705e+02
2.647500e+02, -1.097077e+02
2.650000e+02, -9.979768e+01
2.652500e+02, -1.267383e+02
2.655000e+02, -1.609939e+02
2.657500e+02, -1.529534e+02
2.660000e+02, -1.294471e+02
2.662500e+02, -7.089047e+01
2.665000e+02, -1.000049e+02
2.667500e+02, -1.200764e+02
2.670000e+02, -3.032652e+01
2.672500e+02, 2.997790e+01
2.675000e+02, 4.595357e+01
2.677500e+02, 5.032151e+01
2.680000e+02, 6.178097e+01
2.682500e+02, 2.451886e+01
2.685000e+02, -8.106006e+00
2.687500e+02, -5.937292e+01
2.690000e+02, 1.546805e+01
2.692500e+02, 1.129769e+02
2.695000e+02, 1.545314e+02
2.697500e+02, 1.302411e+02
2.700000e+02, 9.490816e+00
2.702500e+02, -5.729251e+01
2.705000e+02, -1.030782e+02
2.707500e+02, -1.173092e+02
2.710000e+02, -4.294413e+01
2.712500e+02, 4.887057e+01
2.715000e+02, 3.582540e+01
2.717500e+02, 7.785704e+01
2.720000e+02, 1.382187e+02
2.722500e+02, 9.894425e+01
2.725000e+02, 1.344297e+02
2.727500e+02, 1.430623e+02
2.730000e+02, 9.777985e+01
2.732500e+02, 5.739861e+01
2.735000e+02, -4.693771e+01
2.737500e+02, -2.167262e+01
2.740000e+02, 3.948077e+01
2.742500e+02, 2.837902e+01
2.745000e+02, -3.677375e+01
2.747500e+02, -4.634337e+01
2.750000e+02, -2.629065e+01
2.752500e+02, -7.161343e+01
2.755000e+02, -3.468202e+01
2.757500e+02, 1.610735e+01
2.760000e+02, 4.901319e+01
2.762500e+02, -9.334382e-01
2.765000e+02, 6.777748e+01
2.767500e+02, 1.590700e+02
2.770000e+02, 2.501768e+02
2.772500e+02, 2.531403e+02
2.775000e+02, 1.894344e+02
2.777500e+02, 1.315098e+02
2.780000e+02, 1.119552e+02
2.782500e+02, -1.047870e+01
2.785000e+02, 3.494373e+01
2.787500e+02, 5.093581e+01
2.790000e+02, 9.686858e+01
2.792500e+02, 1.587343e+02
2.795000e+02, 1.975535e+02
2.797500e+02, 2.291727e+02
2.800000e+02, 2.047860e+02
2.802500e+02, 1.518792e+02
2.805000e+02, 1.783689e+02
2.807500e+02, 2.313795e+02
2.810000e+02, 2.212081e+02
2.812500e+02, 2.531082e+02
2.815000e+02, 2.065810e+02
2.817500e+02, 2.162406e+02
2.820000e+02, 2.773568e+02
2.822500e+02, 2.426054e+02
2.825000e+02, 3.576884e+02
2.827500e+02, 3.605090e+02
2.830000e+02, 3.350385e+02
2.832500e+02, 4.557971e+02
2.835000e+02, 6.187058e+02
2.837500e+02, 7.423395e+02
2.840000e+02, 7.320940e+02
2.842500e+02, 7.828800e+02
2.845000e+02, 8.445975e+02
2.847500e+02, 9.020107e+02
2.850000e+02, 9.726533e+02
2.852500e+02, 1.113790e+03
2.855000e+02, 1.281198e+03
2.857500e+02, 1.491506e+03
2.860000e+02, 1.644526e+03
2.862500e+02, 1.871057e+03
2.865000e+02, 2.181942e+03
2.867500e+02, 2.589197e+03
2.870000e+02, 3.066266e+03
2.872500e+02, 3.722396e+03
2.875000e+02, 4.299579e+03
2.877500e+02, 4.856622e+03
2.880000e+02, 5.494096e+03
2.882500e+02, 6.282137e+03
2.885000e+02, 7.141706e+03
2.887500e+02, 7.909413e+03
2.890000e+02, 8.340784e+03
2.892500e+02, 8.796825e+03
2.895000e+02, 9.241475e+03
2.897500e+02, 9.654984e+03
2.900000e+02, 1.004550e+04
2.902500e+02, 1.021993e+04
2.905000e+02, 1.042031e+04
2.907500e+02, 1.054033e+04
2.910000e+02, 1.052823e+04
2.912500e+02, 1.074975e+04
2.915000e+02, 1.071107e+04
2.917500e+02, 1.046318e+04
2.920000e+02, 1.037908e+04
2.922500e+02, 1.038838e+04
2.925000e+02, 1.035464e+04
2.927500e+02, 1.015310e+04
2.930000e+02, 9.913017e+03
2.932500e+02, 9.716326e+03
2.935000e+02, 9.427693e+03
2.937500e+02, 9.228069e+03
2.940000e+02, 9.140397e+03
2.942500e+02, 9.093262e+03
2.945000e+02, 9.106736e+03
2.947500e+02, 9.079086e+03
2.950000e+02, 8.963021e+03
2.952500e+02, 9.005005e+03
2.955000e+02, 8.942224e+03
2.957500e+02, 8.918127e+03
2.960000e+02, 8.909214e+03
2.962500e+02, 8.814285e+03
2.965000e+02, 8.773069e+03
2.967500e+02, 8.622924e+03
2.970000e+02, 8.610719e+03
2.972500e+02, 8.693947e+03
2.975000e+02, 8.618718e+03
2.977500e+02, 8.491219e+03
2.980000e+02, 8.366778e+03
2.982500e+02, 8.095550e+03
2.985000e+02, 7.824796e+03
2.987500e+02, 7.620926e+03
2.990000e+02, 7.424756e+03
2.992500e+02, 7.299103e+03
2.995000e+02, 7.105650e+03
2.997500e+02, 6.996946e+03
3.000000e+02, 7.022503e+03
3.002500e+02, 7.045124e+03
3.005000e+02, 6.908293e+03
3.007500e+02, 6.602373e+03
3.010000e+02, 6.329104e+03
3.012500e+02, 6.224885e+03
3.015000e+02, 6.154726e+03
3.017500e+02, 6.226404e+03
3.020000e+02, 6.366689e+03
3.022500e+02, 6.552790e+03
3.025000e+02, 6.702568e+03
3.027500e+02, 6.804856e+03
3.030000e+02, 6.880992e+03
3.032500e+02, 7.089999e+03
3.035000e+02, 7.342400e+03
3.037500e+02, 7.595458e+03
3.040000e+02, 7.680522e+03
3.042500e+02, 7.666363e+03
3.045000e+02, 7.721686e+03
3.047500e+02, 7.747522e+03
3.050000e+02, 7.780883e+03
3.052500e+02, 7.755906e+03
3.055000e+02, 7.631841e+03
3.057500e+02, 7.604342e+03
3.060000e+02, 7.508600e+03
3.062500e+02, 7.295204e+03
3.065000e+02, 7.156164e+03
3.067500e+02, 7.095923e+03
3.070000e+02, 6.979029e+03
3.072500e+02, 6.826833e+03
3.075000e+02, 6.661734e+03
3.077500e+02, 6.598693e+03
3.080000e+02, 6.483561e+03
3.082500e+02, 6.301319e+03
3.085000e+02, 6.201132e+03
3.087500e+02, 6.092228e+03
3.090000e+02, 5.971284e+03
3.092500e+02, 5.812728e+03
3.095000e+02, 5.641880e+03
3.097500e+02, 5.572200e+03
3.100000e+02, 5.562077e+03
3.102500e+02, 5.607649e+03
3.105000e+02, 5.582532e+03
3.107500e+02, 5.600743e+03
3.110000e+02, 5.618209e+03
3.112500e+02, 5.636091e+03
3.115000e+02, 5.654167e+03
3.117500e+02, 5.673167e+03
3.120000e+02, 5.746011e+03
3.122500e+02, 5.754347e+03
3.125000e+02, 5.799901e+03
3.127500e+02, 5.879156e+03
3.130000e+02, 5.890207e+03
3.132500e+02, 5.904833e+03
3.135000e+02, 5.943588e+03
3.137500e+02, 5.979687e+03
3.140000e+02, 6.112106e+03
3.142500e+02, 6.255148e+03
3.145000e+02, 6.386197e+03
3.147500e+02, 6.580646e+03
3.150000e+02, 6.711217e+03
3.152500e+02, 6.774114e+03
3.155000e+02, 6.900645e+03
3.157500e+02, 7.036110e+03
3.160000e+02, 7.206013e+03
3.162500e+02, 7.264319e+03
3.165000e+02, 7.278934e+03
3.167500e+02, 7.447304e+03
3.170000e+02, 7.617500e+03
3.172500e+02, 7.633675e+03
3.175000e+02, 7.771088e+03
3.177500e+02, 7.909465e+03
3.180000e+02, 8.086549e+03
3.182500e+02, 8.256963e+03
3.185000e+02, 8.328311e+03
3.187500e+02, 8.417920e+03
3.190000e+02, 8.543224e+03
3.192500e+02, 8.618315e+03
3.195000e+02, 8.771243e+03
3.197500e+02, 8.958941e+03
3.200000e+02, 9.206141e+03
3.202500e+02, 9.420006e+03
3.205000e+02, 9.613628e+03
3.207500e+02, 9.839218e+03
3.210000e+02, 1.005181e+04
3.212500e+02, 1.035133e+04
3.215000e+02, 1.044439e+04
3.217500e+02, 1.044923e+04
3.220000e+02, 1.061784e+04
3.222500e+02, 1.090696e+04
3.225000e+02, 1.110814e+04
3.227500e+02, 1.131264e+04
3.230000e+02, 1.139793e+04
3.232500e+02, 1.151912e+04
3.235000e+02, 1.181793e+04
3.237500e+02, 1.200915e+04
3.240000e+02, 1.212720e+04
3.242500e+02, 1.224378e+04
3.245000e+02, 1.229720e+04
3.247500e+02, 1.240846e+04
3.250000e+02, 1.259979e+04
3.252500e+02, 1.269205e+04
3.255000e+02, 1.272609e+04
3.257500e+02, 1.273689e+04
3.260000e+02, 1.280947e+04
3.262500e+02, 1.292350e+04
3.265000e+02, 1.297919e+04
3.267500e+02, 1.310077e+04
3.270000e+02, 1.324568e+04
3.272500e+02, 1.326377e+04
3.275000e+02, 1.326801e+04
3.277500e+02, 1.329166e+04
3.280000e+02, 1.341099e+04
3.282500e+02, 1.346865e+04
3.285000e+02, 1.345208e+04
3.287500e+02, 1.346404e+04
3.290000e+02, 1.347491e+04
3.292500e+02, 1.331932e+04
3.295000e+02, 1.308409e+04
3.297500e+02, 1.295246e+04
3.300000e+02, 1.283979e+04
3.302500e+02, 1.280697e+04
3.305000e+02, 1.285817e+04
3.307500e+02, 1.290716e+04
3.310000e+02, 1.288045e+04
3.312500e+02, 1.282072e+04
3.315000e+02, 1.278692e+04
3.317500e+02, 1.265430e+04
3.320000e+02, 1.247469e+04
3.322500e+02, 1.240385e+04
3.325000e+02, 1.234795e+04
3.327500e+02, 1.226526e+04
3.330000e+02, 1.221539e+04
3.332500e+02, 1.213650e+04
3.335000e+02, 1.207113e+04
3.337500e+02, 1.213679e+04
3.340000e+02, 1.225772e+04
3.342500e+02, 1.226476e+04
3.345000e+02, 1.217340e+04
3.347500e+02, 1.213899e+04
3.350000e+02, 1.215241e+04
3.352500e+02, 1.200707e+04
3.355000e+02, 1.199838e+04
3.357500e+02, 1.198022e+04
3.360000e+02, 1.189139e+04
3.362500e+02, 1.193233e+04
3.365000e+02, 1.196984e+04
3.367500e+02, 1.190707e+04
3.370000e+02, 1.188131e+04
3.372500e+02, 1.182149e+04
3.375000e+02, 1.184450e+04
3.377500e+02, 1.178243e+04
3.380000e+02, 1.173982e+04
3.382500e+02, 1.177613e+04
3.385000e+02, 1.178097e+04
3.387500e+02, 1.174087e+04
3.390000e+02, 1.178882e+04
3.392500e+02, 1.179990e+04
3.395000e+02, 1.181600e+04
3.397500e+02, 1.180165e+04
3.400000e+02, 1.172672e+04
3.402500e+02, 1.175232e+04
3.405000e+02, 1.184247e+04
3.407500e+02, 1.184981e+04
3.410000e+02, 1.178683e+04
3.412500e+02, 1.175668e+04
3.415000e+02, 1.171314e+04
3.417500e+02, 1.172384e+04
3.420000e+02, 1.165374e+04
3.422500e+02, 1.165885e+04
3.425000e+02, 1.160927e+04
3.427500e+02, 1.165187e+04
3.430000e+02, 1.170135e+04
3.432500e+02, 1.158421e+04
3.435000e+02, 1.149926e+04
3.437500e+02, 1.148625e+04
3.440000e+02, 1.148413e+04
3.442500e+02, 1.147593e+04
3.445000e+02, 1.151552e+04
3.447500e+02, 1.154700e+04
3.450000e+02, 1.158671e+04
3.452500e+02, 1.151712e+04
3.455000e+02, 1.149179e+04
3.457500e+02, 1.139500e+04
3.460000e+02, 1.134550e+04
3.462500e+02, 1.143537e+04
3.465000e+02, 1.145228e+04
3.467500e+02, 1.140637e+04
3.470000e+02, 1.144755e+04
3.472500e+02, 1.149309e+04
3.475000e+02, 1.159516e+04
3.477500e+02, 1.165408e+04
3.480000e+02, 1.164159e+04
3.482500e+02, 1.164801e+04
3.485000e+02, 1.167067e+04
3.487500e+02, 1.168526e+04
3.490000e+02, 1.174097e+04
3.492500e+02, 1.189098e+04
3.495000e+02, 1.200598e+04
3.497500e+02, 1.200553e+04
3.500000e+02, 1.191130e+04
3.502500e+02, 1.190302e+04
3.505000e+02, 1.203971e+04
3.507500e+02, 1.217646e+04
3.510000e+02, 1.228849e+04
3.512500e+02, 1.234869e+04
3.515000e+02, 1.237220e+04
3.517500e+02, 1.247963e+04
3.520000e+02, 1.252217e+04
3.522500e+02, 1.260090e+04
3.525000e+02, 1.262930e+04
3.527500e+02, 1.252094e+04
3.530000e+02, 1.259763e+04
3.532500e+02, 1.273891e+04
3.535000e+02, 1.280176e+04
3.537500e+02, 1.289367e+04
3.540000e+02, 1.297311e+04
3.542500e+02, 1.294166e+04
3.545000e+02, 1.290704e+04
3.547500e+02, 1.287913e+04
3.550000e+02, 1.308069e+04
3.552500e+02, 1.330892e+04
3.555000e+02, 1.329775e+04
3.557500e+02, 1.324362e+04
3.560000e+02, 1.317069e+04
3.562500e+02, 1.313190e+04
3.565000e+02, 1.330202e+04
3.567500e+02, 1.347990e+04
3.570000e+02, 1.355768e+04
3.572500e+02, 1.352066e+04
3.575000e+02, 1.344226e+04
3.577500e+02, 1.337299e+04
3.580000e+02, 1.334875e+04
3.582500e+02, 1.331580e+04
3.585000e+02, 1.340651e+04
3.587500e+02, 1.346151e+04
3.590000e+02, 1.352757e+04
3.592500e+02, 1.340614e+04
3.595000e+02, 1.326459e+04
3.597500e+02, 1.333307e+04
3.600000e+02, 1.340302e+04
3.602500e+02, 1.338324e+04
3.605000e+02, 1.339847e+04
3.607500e+02, 1.347546e+04
3.610000e+02, 1.355988e+04
3.612500e+02, 1.358392e+04
3.615000e+02, 1.357838e+04
3.617500e+02, 1.366617e+04
3.620000e+02, 1.366667e+04
3.622500e+02, 1.365612e+04
3.625000e+02, 1.374805e+04
3.627500e+02, 1.380599e+04
3.630000e+02, 1.376631e+04
3.632500e+02, 1.361759e+04
3.635000e+02, 1.354658e+04
3.637500e+02, 1.361323e+04
3.640000e+02, 1.368561e+04
3.642500e+02, 1.373931e+04
3.645000e+02, 1.374102e+04
3.647500e+02, 1.367436e+04
3.650000e+02, 1.375294e+04
3.652500e+02, 1.369112e+04
3.655000e+02, 1.355939e+04
3.657500e+02, 1.346487e+04
3.660000e+02, 1.341161e+04
3.662500e+02, 1.332684e+04
3.665000e+02, 1.331307e+04
3.667500e+02, 1.339046e+04
3.670000e+02, 1.356180e+04
3.672500e+02, 1.372420e+04
3.675000e+02, 1.345355e+04
3.677500e+02, 1.328960e+04
3.680000e+02, 1.332359e+04
3.682500e+02, 1.335339e+04
3.685000e+02, 1.339538e+04
3.687500e+02, 1.330952e+04
3.690000e+02, 1.321150e+04
3.692500e+02, 1.320248e+04
3.695000e+02, 1.318458e+04
3.697500e+02, 1.321451e+04
3.700000e+02, 1.321371e+04
3.702500e+02, 1.315884e+04
3.705000e+02, 1.313300e+04
3.707500e+02, 1.313844e+04
3.710000e+02, 1.322374e+04
3.712500e+02, 1.329456e+04
3.715000e+02, 1.320957e+04
3.717500e+02, 1.313354e+04
3.720000e+02, 1.308833e+04
3.722500e+02, 1.301107e+04
3.725000e+02, 1.297857e+04
3.727500e+02, 1.308511e+04
3.730000e+02, 1.303839e+04
3.732500e+02, 1.307797e+04
3.735000e+02, 1.306279e+04
3.737500e+02, 1.298309e+04
3.740000e+02, 1.302430e+04
3.742500e+02, 1.312217e+04
3.745000e+02, 1.303717e+04
3.747500e+02, 1.298097e+04
3.750000e+02, 1.296927e+04
3.752500e+02, 1.302498e+04
3.755000e+02, 1.301388e+04
3.757500e+02, 1.301585e+04
3.760000e+02, 1.292141e+04
3.762500e+02, 1.292946e+04
3.765000e+02, 1.292206e+04
3.767500e+02, 1.291564e+04
3.770000e+02, 1.295120e+04
3.772500e+02, 1.297146e+04
3.775000e+02, 1.294392e+04
3.777500e+02, 1.289704e+04
3.780000e+02, 1.287539e+04
3.782500e+02, 1.294174e+04
3.785000e+02, 1.304178e+04
3.787500e+02, 1.297737e+04
3.790000e+02, 1.297384e+04
3.792500e+02, 1.289742e+04
3.795000e+02, 1.289162e+04
3.797500e+02, 1.297104e+04
3.800000e+02, 1.305990e+04
3.802500e+02, 1.302581e+04
3.805000e+02, 1.299207e+04
3.807500e+02, 1.300067e+04
3.810000e+02, 1.296642e+04
3.812500e+02, 1.296086e+04
3.815000e+02, 1.303775e+04
3.817500e+02, 1.308348e+04
3.820000e+02, 1.292943e+04
3.822500e+02, 1.278289e+04
3.825000e+02, 1.282982e+04
3.827500e+02, 1.288789e+04
3.830000e+02, 1.283559e+04
3.832500e+02, 1.286297e+04
3.835000e+02, 1.288177e+04
3.837500e+02, 1.291527e+04
3.840000e+02, 1.302000e+04
3.842500e+02, 1.301635e+04
3.845000e+02, 1.311330e+04
3.847500e+02, 1.308453e+04
3.850000e+02, 1.299893e+04
3.852500e+02, 1.294250e+04
3.855000e+02, 1.290356e+04
3.857500e+02, 1.293715e+04
3.860000e+02, 1.292285e+04
3.862500e+02, 1.286917e+04
3.865000e+02, 1.291569e+04
3.867500e+02, 1.300656e+04
3.870000e+02, 1.289432e+04
3.872500e+02, 1.283527e+04
3.875000e+02, 1.289463e+04
3.877500e+02, 1.293351e+04
3.880000e+02, 1.296932e+04
3.882500e+02, 1.303734e+04
3.885000e+02, 1.302631e+04
3.887500e+02, 1.296262e+04
3.890000e+02, 1.292244e+04
3.892500e+02, 1.294681e+04
3.895000e+02, 1.287494e+04
3.897500e+02, 1.273324e+04
3.900000e+02, 1.262478e+04
3.902500e+02, 1.263335e+04
3.905000e+02, 1.280713e+04
3.907500e+02, 1.280924e+04
3.910000e+02, 1.268788e+04
3.912500e+02, 1.265783e+04
3.915000e+02, 1.267165e+04
3.917500e+02, 1.266546e+04
3.920000e+02, 1.272674e+04
3.922500e+02, 1.287156e+04
3.925000e+02, 1.291743e+04
3.927500e+02, 1.294689e+04
3.930000e+02, 1.286566e+04
3.932500e+02, 1.276730e+04
3.935000e+02, 1.264419e+04
3.937500e+02, 1.258971e+04
3.940000e+02, 1.260204e+04
3.942500e+02, 1.266751e+04
3.945000e+02, 1.265330e+04
3.947500e+02, 1.262691e+04
3.950000e+02, 1.255781e+04
3.952500e+02, 1.254756e+04
3.955000e+02, 1.261963e+04
3.957500e+02, 1.265740e+04
3.960000e+02, 1.267282e+04
3.962500e+02, 1.266808e+04
3.965000e+02, 1.254275e+04
3.967500e+02, 1.252732e+04
3.970000e+02, 1.257893e+04
3.972500e+02, 1.261168e+04
3.975000e+02, 1.261209e+04
3.977500e+02, 1.254173e+04
3.980000e+02, 1.247666e+04
3.982500e+02, 1.242015e+04
3.985000e+02, 1.246611e+04
3.987500e+02, 1.252858e+04
3.990000e+02, 1.250826e+04
3.992500e+02, 1.244563e+04
3.995000e+02, 1.233778e+04
3.997500e+02, 1.239837e+04
4.000000e+02, 1.250135e+04
4.002500e+02, 1.245854e+04
4.005000e+02, 1.235683e+04
4.007500e+02, 1.243537e+04
4.010000e+02, 1.260624e+04
4.012500e+02, 1.256464e+04
4.015000e+02, 1.247696e+04
4.017500e+02, 1.234436e+04
4.020000e+02, 1.235425e+04
4.022500e+02, 1.229365e+04
4.025000e+02, 1.228916e+04
4.027500e+02, 1.227962e+04
4.030000e+02, 1.229813e+04
4.032500e+02, 1.228104e+04
4.035000e+02, 1.233903e+04
4.037500e+02, 1.237902e+04
4.040000e+02, 1.241771e+04
4.042500e+02, 1.240539e+04
4.045000e+02, 1.233791e+04
4.047500e+02, 1.234665e+04
4.050000e+02, 1.232592e+04
4.052500e+02, 1.226427e+04
4.055000e+02, 1.227860e+04
4.057500e+02, 1.226396e+04
4.060000e+02, 1.229461e+04
4.062500e+02, 1.221138e+04
4.065000e+02, 1.223730e+04
4.067500e+02, 1.215683e+04
4.070000e+02, 1.208513e+04
4.072500e+02, 1.208504e+04
4.075000e+02, 1.208770e+04
4.077500e+02, 1.205324e+04
4.080000e+02, 1.211770e+04
4.082500e+02, 1.204159e+04
4.085000e+02, 1.194662e+04
4.087500e+02, 1.197579e+04
4.090000e+02, 1.200854e+04
4.092500e+02, 1.193334e+04
4.095000e+02, 1.162472e+04
4.097500e+02, 1.172600e+04
4.100000e+02, 1.189781e+04
4.102500e+02, 1.195009e+04
4.105000e+02, 1.199570e+04
4.107500e+02, 1.192447e+04
4.110000e+02, 1.190315e+04
4.112500e+02, 1.195528e+04
4.115000e+02, 1.200622e+04
4.117500e+02, 1.199469e+04
4.120000e+02, 1.191127e+04
4.122500e+02, 1.185900e+04
4.125000e+02, 1.179570e+04
4.127500e+02, 1.176825e+04
4.130000e+02, 1.176443e+04
4.132500e+02, 1.178402e+04
4.135000e+02, 1.184913e+04
4.137500e+02, 1.181368e+04
4.140000e+02, 1.165684e+04
4.142500e+02, 1.154366e+04
4.145000e+02, 1.168205e+04
4.147500e+02, 1.179191e+04
4.150000e+02, 1.174379e+04
4.152500e+02, 1.169302e+04
4.155000e+02, 1.170862e+04
4.157500e+02, 1.175942e+04
4.160000e+02, 1.183894e+04
4.162500e+02, 1.180917e+04
4.165000e+02, 1.178221e+04
4.167500e+02, 1.179147e+04
4.170000e+02, 1.176348e+04
4.172500e+02, 1.188176e+04
4.175000e+02, 1.202938e+04
4.177500e+02, 1.188227e+04
4.180000e+02, 1.181921e+04
4.182500e+02, 1.171523e+04
4.185000e+02, 1.163104e+04
4.187500e+02, 1.155839e+04
4.190000e+02, 1.150598e+04
4.192500e+02, 1.154887e+04
4.195000e+02, 1.165299e+04
4.197500e+02, 1.160904e+04
4.200000e+02, 1.153281e+04
4.202500e+02, 1.145079e+04
4.205000e+02, 1.147889e+04
4.207500e+02, 1.154036e+04
4.210000e+02, 1.149743e+04
4.212500e+02, 1.144066e+04
4.215000e+02, 1.140485e+04
4.217500e+02, 1.134525e+04
4.220000e+02, 1.133512e+04
4.222500e+02, 1.132936e+04
4.225000e+02, 1.136885e+04
4.227500e+02, 1.135725e+04
4.230000e+02, 1.130947e+04
4.232500e+02, 1.126056e+04
4.235000e+02, 1.125502e+04
4.237500e+02, 1.125795e+04
4.240000e+02, 1.130603e+04
4.242500e+02, 1.128447e+04
4.245000e+02, 1.125221e+04
4.247500e+02, 1.127179e+04
4.250000e+02, 1.131379e+04
4.252500e+02, 1.136349e+04
4.255000e+02, 1.135193e+04
4.257500e+02, 1.129708e+04
4.260000e+02, 1.115901e+04
4.262500e+02, 1.109629e+04
4.265000e+02, 1.109521e+04
4.267500e+02, 1.113633e+04
4.270000e+02, 1.115010e+04
4.272500e+02, 1.120500e+04
4.275000e+02, 1.113333e+04
4.277500e+02, 1.099263e+04
4.280000e+02, 1.100077e+04
4.282500e+02, 1.093679e+04
4.285000e+02, 1.091826e+04
4.287500e+02, 1.092446e+04
4.290000e+02, 1.094830e+04
4.292500e+02, 1.106266e+04
4.295000e+02, 1.115876e+04
4.297500e+02, 1.114818e+04
4.300000e+02, 1.111889e+04
4.302500e+02, 1.103714e+04
4.305000e+02, 1.103063e+04
4.307500e+02, 1.101208e+04
4.310000e+02, 1.096252e+04
4.312500e+02, 1.093888e+04
4.315000e+02, 1.094835e+04
4.317500e+02, 1.091202e+04
4.320000e+02, 1.087163e+04
4.322500e+02, 1.079914e+04
4.325000e+02, 1.073636e+04
4.327500e+02, 1.081692e+04
4.330000e+02, 1.085527e+04
4.332500e+02, 1.082121e+04
4.335000e+02, 1.086713e+04
4.337500e+02, 1.092234e+04
4.340000e+02, 1.092918e+04
4.342500e+02, 1.089451e+04
4.345000e+02, 1.086299e+04
4.347500e+02, 1.081354e+04
4.350000e+02, 1.081688e+04
4.352500e+02, 1.076274e+04
4.355000e+02, 1.074575e+04
4.357500e+02, 1.068901e+04
4.360000e+02, 1.060011e+04
4.362500e+02, 1.064958e+04
4.365000e+02, 1.066236e+04
4.367500e+02, 1.060582e+04
4.370000e+02, 1.057954e+04
4.372500e+02, 1.056645e+04
4.375000e+02, 1.056505e+04
4.377500e+02, 1.055992e+04
4.380000e+02, 1.049293e+04
4.382500e+02, 1.042730e+04
4.385000e+02, 1.049345e+04
4.387500e+02, 1.049915e+04
4.390000e+02, 1.049603e+04
4.392500e+02, 1.055539e+04
4.395000e+02, 1.049552e+04
4.397500e+02, 1.042787e+04
4.400000e+02, 1.038297e+04
4.402500e+02, 1.030850e+04
4.405000e+02, 1.028040e+04
4.407500e+02, 1.023205e+04
4.410000e+02, 1.030585e+04
4.412500e+02, 1.038523e+04
4.415000e+02, 1.032994e+04
4.417500e+02, 1.029756e+04
4.420000e+02, 1.027530e+04
4.422500e+02, 1.025644e+04
4.425000e+02, 1.003745e+04
4.427500e+02, 9.949023e+03
4.430000e+02, 1.009961e+04
4.432500e+02, 1.023643e+04
4.435000e+02, 1.027662e+04
4.437500e+02, 1.031090e+04
4.440000e+02, 1.028829e+04
4.442500e+02, 1.020632e+04
4.445000e+02, 1.023493e+04
4.447500e+02, 1.033394e+04
4.450000e+02, 1.023298e+04
4.452500e+02, 1.015200e+04
4.455000e+02, 1.010595e+04
4.457500e+02, 1.014920e+04
4.460000e+02, 1.017963e+04
4.462500e+02, 1.009210e+04
4.465000e+02, 1.002925e+04
4.467500e+02, 1.005786e+04
4.470000e+02, 1.004354e+04
4.472500e+02, 1.004736e+04
4.475000e+02, 9.999182e+03
4.477500e+02, 9.947544e+03
4.480000e+02, 9.957800e+03
4.482500e+02, 1.001982e+04
4.485000e+02, 1.004169e+04
4.487500e+02, 1.008905e+04
4.490000e+02, 1.011171e+04
4.492500e+02, 1.006993e+04
4.495000e+02, 1.004964e+04
4.497500e+02, 9.999767e+03
4.500000e+02, 9.896994e+03
4.502500e+02, 9.862235e+03
4.505000e+02, 9.892743e+03
4.507500e+02, 9.885262e+03
4.510000e+02, 9.847749e+03
4.512500e+02, 9.908346e+03
4.515000e+02, 9.848898e+03
4.517500e+02, 9.803319e+03
4.520000e+02, 9.789906e+03
4.522500e+02, 9.719511e+03
4.525000e+02, 9.688975e+03
4.527500e+02, 9.597955e+03
4.530000e+02, 9.585758e+03
4.532500e+02, 9.674153e+03
4.535000e+02, 9.624812e+03
4.537500e+02, 9.572203e+03
4.540000e+02, 9.597003e+03
4.542500e+02, 9.599360e+03
4.545000e+02, 9.583928e+03
4.547500e+02, 9.586675e+03
4.550000e+02, 9.530050e+03
4.552500e+02, 9.508437e+03
4.555000e+02, 9.491797e+03
4.557500e+02, 9.466510e+03
4.560000e+02, 9.424172e+03
4.562500e+02, 9.463040e+03
4.565000e+02, 9.511380e+03
4.567500e+02, 9.556080e+03
4.570000e+02, 9.525735e+03
4.572500e+02, 9.449591e+03
4.575000e+02, 9.401009e+03
4.577500e+02, 9.375334e+03
4.580000e+02, 9.454220e+03
4.582500e+02, 9.452764e+03
4.585000e+02, 9.383088e+03
4.587500e+02, 9.319641e+03
4.590000e+02, 9.281740e+03
4.592500e+02, 9.270398e+03
4.595000e+02, 9.213817e+03
4.597500e+02, 9.236274e+03
4.600000e+02, 9.263877e+03
4.602500e+02, 9.290348e+03
4.605000e+02, 9.320904e+03
4.607500e+02, 9.283953e+03
4.610000e+02, 9.193261e+03
4.612500e+02, 9.203071e+03
4.615000e+02, 9.159053e+03
4.617500e+02, 9.123054e+03
4.620000e+02, 9.073892e+03
4.622500e+02, 9.037509e+03
4.625000e+02, 9.084241e+03
4.627500e+02, 9.094236e+03
4.630000e+02, 9.106964e+03
4.632500e+02, 9.107171e+03
4.635000e+02, 9.081720e+03
4.637500e+02, 9.076471e+03
4.640000e+02, 9.030849e+03
4.642500e+02, 8.976853e+03
4.645000e+02, 8.968209e+03
4.647500e+02, 8.966604e+03
4.650000e+02, 8.960350e+03
4.652500e+02, 9.022091e+03
4.655000e+02, 9.024984e+03
4.657500e+02, 9.038683e+03
4.660000e+02, 9.032728e+03
4.662500e+02, 9.050814e+03
4.665000e+02, 9.095249e+03
4.667500e+02, 9.049293e+03
4.670000e+02, 8.982646e+03
4.672500e+02, 8.911201e+03
4.675000e+02, 8.908610e+03
4.677500e+02, 8.873060e+03
4.680000e+02, 8.845344e+03
4.682500e+02, 8.892771e+03
4.685000e+02, 8.944907e+03
4.687500e+02, 8.948148e+03
4.690000e+02, 8.945358e+03
4.692500e+02, 8.943260e+03
4.695000e+02, 8.918356e+03
4.697500e+02, 8.924183e+03
4.700000e+02, 8.862047e+03
4.702500e+02, 8.771155e+03
4.705000e+02, 8.765986e+03
4.707500e+02, 8.800767e+03
4.710000e+02, 8.835729e+03
4.712500e+02, 8.802599e+03
4.715000e+02, 8.712313e+03
4.717500e+02, 8.618183e+03
4.720000e+02, 8.547874e+03
4.722500e+02, 8.562362e+03
4.725000e+02, 8.530440e+03
4.727500e+02, 8.492212e+03
4.730000e+02, 8.529073e+03
4.732500e+02, 8.558579e+03
4.735000e+02, 8.601584e+03
4.737500e+02, 8.563067e+03
4.740000e+02, 8.484796e+03
4.742500e+02, 8.500578e+03
4.745000e+02, 8.633408e+03
4.747500e+02, 8.611201e+03
4.750000e+02, 8.590786e+03
4.752500e+02, 8.467883e+03
4.755000e+02, 8.285411e+03
4.757500e+02, 8.279379e+03
4.760000e+02, 8.271763e+03
4.762500e+02, 8.229099e+03
4.765000e+02, 8.234737e+03
4.767500e+02, 8.274477e+03
4.770000e+02, 8.301342e+03
4.772500e+02, 8.314875e+03
4.775000e+02, 8.331224e+03
4.777500e+02, 8.322090e+03
4.780000e+02, 8.287756e+03
4.782500e+02, 8.264853e+03
4.785000e+02, 8.291417e+03
4.787500e+02, 8.231301e+03
4.790000e+02, 8.224144e+03
4.792500e+02, 8.248042e+03
4.795000e+02, 8.215967e+03
4.797500e+02, 8.253756e+03
4.800000e+02, 8.327558e+03
4.802500e+02, 8.355720e+03
4.805000e+02, 8.342758e+03
4.807500e+02, 8.314984e+03
4.810000e+02, 8.275769e+03
4.812500e+02, 8.241874e+03
4.815000e+02, 8.233575e+03
4.817500e+02, 8.344685e+03
4.820000e+02, 8.366266e+03
4.822500e+02, 8.258240e+03
4.825000e+02, 8.146846e+03
4.827500e+02, 8.081648e+03
4.830000e+02, 8.040357e+03
4.832500e+02, 8.005330e+03
4.835000e+02, 8.012618e+03
4.837500e+02, 8.003070e+03
4.840000e+02, 8.050459e+03
4.842500e+02, 8.048616e+03
4.845000e+02, 8.047298e+03
4.847500e+02, 8.077163e+03
4.850000e+02, 8.158184e+03
4.852500e+02, 8.128100e+03
4.855000e+02, 8.011155e+03
4.857500e+02, 8.015042e+03
4.860000e+02, 7.933289e+03
4.862500e+02, 7.899279e+03
4.865000e+02, 7.881396e+03
4.867500e+02, 7.872096e+03
4.870000e+02, 7.899783e+03
4.872500e+02, 7.925748e+03
4.875000e+02, 7.940216e+03
4.877500e+02, 7.930272e+03
4.880000e+02, 7.875928e+03
4.882500e+02, 7.895220e+03
4.885000e+02, 7.854752e+03
4.887500e+02, 7.809323e+03
4.890000e+02, 7.802216e+03
4.892500e+02, 7.894155e+03
4.895000e+02, 7.920552e+03
4.897500e+02, 7.899866e+03
4.900000e+02, 7.855532e+03
4.902500e+02, 7.772361e+03
4.905000e+02, 7.707935e+03
4.907500e+02, 7.682516e+03
4.910000e+02, 7.769997e+03
4.912500e+02, 7.765928e+03
4.915000e+02, 7.769599e+03
4.917500e+02, 7.714621e+03
4.920000e+02, 7.640675e+03
4.922500e+02, 7.632295e+03
4.925000e+02, 7.653892e+03
4.927500e+02, 7.624094e+03
4.930000e+02, 7.681219e+03
4.932500e+02, 7.692697e+03
4.935000e+02, 7.620816e+03
4.937500e+02, 7.610110e+03
4.940000e+02, 7.642983e+03
4.942500e+02, 7.651288e+03
4.945000e+02, 7.649763e+03
4.947500e+02, 7.599130e+03
4.950000e+02, 7.519515e+03
4.952500e+02, 7.491871e+03
4.955000e+02, 7.488863e+03
4.957500e+02, 7.540683e+03
4.960000e+02, 7.569971e+03
4.962500e+02, 7.517331e+03
4.965000e+02, 7.483310e+03
4.967500e+02, 7.482922e+03
4.970000e+02, 7.542352e+03
4.972500e+02, 7.530782e+03
4.975000e+02, 7.485952e+03
4.977500e+02, 7.486786e+03
4.980000e+02, 7.462479e+03
4.982500e+02, 7.420589e+03
4.985000e+02, 7.470606e+03
4.987500e+02, 7.503378e+03
4.990000e+02, 7.438355e+03
4.992500e+02, 7.360025e+03
4.995000e+02, 7.333452e+03
4.997500e+02, 7.376971e+03
5.000000e+02, 7.364697e+03
5.002500e+02, 7.357419e+03
5.005000e+02, 7.355869e+03
5.007500e+02, 7.338766e+03
5.010000e+02, 7.333197e+03
5.012500e+02, 7.287416e+03
5.015000e+02, 7.241953e+03
5.017500e+02, 7.266211e+03
5.020000e+02, 7.231485e+03
5.022500e+02, 7.207379e+03
5.025000e+02, 7.186050e+03
5.027500e+02, 7.128563e+03
5.030000e+02, 7.135027e+03
5.032500e+02, 7.123248e+03
5.035000e+02, 7.133849e+03
5.037500e+02, 7.131456e+03
5.040000e+02, 7.079838e+03
5.042500e+02, 7.094413e+03
5.045000e+02, 7.093315e+03
5.047500e+02, 7.013434e+03
5.050000e+02, 7.006026e+03
5.052500e+02, 7.020630e+03
5.055000e+02, 6.978612e+03
5.057500e+02, 6.988740e+03
5.060000e+02, 6.994089e+03
5.062500e+02, 6.932066e+03
5.065000e+02, 6.887241e+03
5.067500e+02, 6.834071e+03
5.070000e+02, 6.935158e+03
5.072500e+02, 6.995512e+03
5.075000e+02, 6.971582e+03
5.077500e+02, 6.931870e+03
5.080000e+02, 6.905644e+03
5.082500e+02, 6.850142e+03
5.085000e+02, 6.850698e+03
5.087500e+02, 6.904889e+03
5.090000e+02, 6.949595e+03
5.092500e+02, 6.899410e+03
5.095000e+02, 6.864243e+03
5.097500e+02, 6.854408e+03
5.100000e+02, 6.883174e+03
5.102500e+02, 6.898692e+03
5.105000e+02, 6.906718e+03
5.107500e+02, 6.881702e+03
5.110000e+02, 6.869801e+03
5.112500e+02, 6.835806e+03
5.115000e+02, 6.773924e+03
5.117500e+02, 6.783058e+03
5.120000e+02, 6.765435e+03
5.122500e+02, 6.790750e+03
5.125000e+02, 6.864022e+03
5.127500e+02, 6.828316e+03
5.130000e+02, 6.861148e+03
5.132500e+02, 6.846020e+03
5.135000e+02, 6.847011e+03
5.137500e+02, 6.797547e+03
5.140000e+02, 6.735993e+03
5.142500e+02, 6.741692e+03
5.145000e+02, 6.736699e+03
5.147500e+02, 6.733142e+03
5.150000e+02, 6.715625e+03
5.152500e+02, 6.690163e+03
5.155000e+02, 6.671701e+03
5.157500e+02, 6.651204e+03
5.160000e+02, 6.617973e+03
5.162500e+02, 6.608303e+03
5.165000e+02, 6.649791e+03
5.167500e+02, 6.691987e+03
5.170000e+02, 6.699762e+03
5.172500e+02, 6.689505e+03
5.175000e+02, 6.699958e+03
5.177500e+02, 6.646265e+03
5.180000e+02, 6.577704e+03
5.182500e+02, 6.555286e+03
5.185000e+02, 6.573614e+03
5.187500e+02, 6.556784e+03
5.190000e+02, 6.537300e+03
5.192500e+02, 6.487546e+03
5.195000e+02, 6.446482e+03
5.197500e+02, 6.478614e+03
5.200000e+02, 6.508479e+03
5.202500e+02, 6.549429e+03
5.205000e+02, 6.566393e+03
5.207500e+02, 6.557006e+03
5.210000e+02, 6.559494e+03
5.212500e+02, 6.510227e+03
5.215000e+02, 6.468295e+03
5.217500e+02, 6.431146e+03
5.220000e+02, 6.377222e+03
5.222500e+02, 6.340507e+03
5.225000e+02, 6.383270e+03
5.227500e+02, 6.380898e+03
5.230000e+02, 6.377502e+03
5.232500e+02, 6.391235e+03
5.235000e+02, 6.370604e+03
5.237500e+02, 6.353905e+03
5.240000e+02, 6.349933e+03
5.242500e+02, 6.330509e+03
5.245000e+02, 6.317588e+03
5.247500e+02, 6.300249e+03
5.250000e+02, 6.302769e+03
5.252500e+02, 6.336349e+03
5.255000e+02, 6.284584e+03
5.257500e+02, 6.248880e+03
5.260000e+02, 6.245664e+03
5.262500e+02, 6.266614e+03
5.265000e+02, 6.274846e+03
5.267500e+02, 6.267799e+03
5.270000e+02, 6.270378e+03
5.272500e+02, 6.260312e+03
5.275000e+02, 6.218079e+03
5.277500e+02, 6.202093e+03
5.280000e+02, 6.191168e+03
5.282500e+02, 6.160117e+03
5.285000e+02, 6.193411e+03
5.287500e+02, 6.222585e+03
5.290000e+02, 6.220468e+03
5.292500e+02, 6.199527e+03
5.295000e+02, 6.190432e+03
5.297500e+02, 6.167761e+03
5.300000e+02, 6.143588e+03
5.302500e+02, 6.106033e+03
5.305000e+02, 6.080905e+03
5.307500e+02, 6.085788e+03
5.310000e+02, 6.098157e+03
5.312500e+02, 6.116919e+03
5.315000e+02, 6.132251e+03
5.317500e+02, 6.127662e+03
5.320000e+02, 6.117070e+03
5.322500e+02, 6.085108e+03
5.325000e+02, 6.080963e+03
5.327500e+02, 6.054064e+03
5.330000e+02, 6.062999e+03
5.332500e+02, 6.112386e+03
5.335000e+02, 6.194137e+03
5.337500e+02, 6.213446e+03
5.340000e+02, 6.137638e+03
5.342500e+02, 6.029565e+03
5.345000e+02, 5.996765e+03
5.347500e+02, 5.988993e+03
5.350000e+02, 5.989151e+03
5.352500e+02, 5.933945e+03
5.355000e+02, 5.875368e+03
5.357500e+02, 5.945649e+03
5.360000e+02, 5.979322e+03
5.362500e+02, 5.935820e+03
5.365000e+02, 5.934631e+03
5.367500e+02, 5.908193e+03
5.370000e+02, 5.902584e+03
5.372500e+02, 5.939486e+03
5.375000e+02, 5.968604e+03
5.377500e+02, 5.955919e+03
5.380000e+02, 5.954703e+03
5.382500e+02, 5.920435e+03
5.385000e+02, 5.880697e+03
5.387500e+02, 5.863286e+03
5.390000e+02, 5.827701e+03
5.392500e+02, 5.806384e+03
5.395000e+02, 5.724527e+03
5.397500e+02, 5.692984e+03
5.400000e+02, 5.675701e+03
5.402500e+02, 5.672682e+03
5.405000e+02, 5.656293e+03
5.407500e+02, 5.652078e+03
5.410000e+02, 5.660458e+03
5.412500e+02, 5.626884e+03
5.415000e+02, 5.599770e+03
5.417500e+02, 5.647093e+03
5.420000e+02, 5.653487e+03
5.422500e+02, 5.607471e+03
5.425000e+02, 5.569431e+03
5.427500e+02, 5.560988e+03
5.430000e+02, 5.602749e+03
5.432500e+02, 5.644661e+03
5.435000e+02, 5.637347e+03
5.437500e+02, 5.630626e+03
5.440000e+02, 5.637220e+03
5.442500e+02, 5.640673e+03
5.445000e+02, 5.621891e+03
5.447500e+02, 5.601140e+03
5.450000e+02, 5.569906e+03
5.452500e+02, 5.530061e+03
5.455000e+02, 5.506389e+03
5.457500e+02, 5.570281e+03
5.460000e+02, 5.607514e+03
5.462500e+02, 5.591225e+03
5.465000e+02, 5.578079e+03
5.467500e+02, 5.565488e+03
5.470000e+02, 5.554748e+03
5.472500e+02, 5.527468e+03
5.475000e+02, 5.526718e+03
5.477500e+02, 5.557175e+03
5.480000e+02, 5.523371e+03
5.482500e+02, 5.498483e+03
5.485000e+02, 5.522015e+03
5.487500e+02, 5.563933e+03
5.490000e+02, 5.553552e+03
5.492500e+02, 5.482854e+03
5.495000e+02, 5.445743e+03
5.497500e+02, 5.416502e+03
5.500000e+02, 5.424874e+03
5.502500e+02, 5.444144e+03
5.505000e+02, 5.473065e+03
5.507500e+02, 5.489070e+03
5.510000e+02, 5.462405e+03
5.512500e+02, 5.440823e+03
5.515000e+02, 5.427526e+03
5.517500e+02, 5.428661e+03
5.520000e+02, 5.404876e+03
5.522500e+02, 5.428372e+03
5.525000e+02, 5.437241e+03
5.527500e+02, 5.426635e+03
5.530000e+02, 5.348488e+03
5.532500e+02, 5.293564e+03
5.535000e+02, 5.296774e+03
5.537500e+02, 5.284475e+03
5.540000e+02, 5.264105e+03
5.542500e+02, 5.229290e+03
5.545000e+02, 5.167800e+03
5.547500e+02, 5.157039e+03
5.550000e+02, 5.170797e+03
5.552500e+02, 5.198136e+03
5.555000e+02, 5.248950e+03
5.557500e+02, 5.279182e+03
5.560000e+02, 5.264561e+03
5.562500e+02, 5.217073e+03
5.565000e+02, 5.147713e+03
5.567500e+02, 5.097571e+03
5.570000e+02, 5.123291e+03
5.572500e+02, 5.152234e+03
5.575000e+02, 5.125241e+03
5.577500e+02, 5.118846e+03
5.580000e+02, 5.144596e+03
5.582500e+02, 5.168744e+03
5.585000e+02, 5.223199e+03
5.587500e+02, 5.175277e+03
5.590000e+02, 5.160476e+03
5.592500e+02, 5.167418e+03
5.595000e+02, 5.199927e+03
5.597500e+02, 5.182377e+03
5.600000e+02, 5.129722e+03
5.602500e+02, 5.130014e+03
5.605000e+02, 5.137730e+03
5.607500e+02, 5.144744e+03
5.610000e+02, 5.117669e+03
5.612500e+02, 5.060980e+03
5.615000e+02, 5.069263e+03
5.617500e+02, 5.095202e+03
5.620000e+02, 5.022182e+03
5.622500e+02, 5.006764e+03
5.625000e+02, 5.036326e+03
5.627500e+02, 5.039337e+03
5.630000e+02, 5.025135e+03
5.632500e+02, 5.009537e+03
5.635000e+02, 4.984437e+03
5.637500e+02, 4.980354e+03
5.640000e+02, 4.931819e+03
5.642500e+02, 4.934633e+03
5.645000e+02, 4.954730e+03
5.647500e+02, 4.909492e+03
5.650000e+02, 4.859617e+03
5.652500e+02, 4.875165e+03
5.655000e+02, 4.912126e+03
5.657500e+02, 4.932928e+03
5.660000e+02, 4.897842e+03
5.662500e+02, 4.887477e+03
5.665000e+02, 4.889516e+03
5.667500e+02, 4.876733e+03
5.670000e+02, 4.884423e+03
5.672500e+02, 4.907964e+03
5.675000e+02, 4.918540e+03
5.677500e+02, 4.903129e+03
5.680000e+02, 4.914709e+03
5.682500e+02, 4.885403e+03
5.685000e+02, 4.855456e+03
5.687500e+02, 4.873482e+03
5.690000e+02, 4.938826e+03
5.692500e+02, 4.940292e+03
5.695000e+02, 4.875742e+03
5.697500e+02, 4.819253e+03
5.700000e+02, 4.821734e+03
5.702500e+02, 4.845968e+03
5.705000e+02, 4.869948e+03
5.707500e+02, 4.837342e+03
5.710000e+02, 4.831223e+03
5.712500e+02, 4.815734e+03
5.715000e+02, 4.816389e+03
5.717500e+02, 4.836401e+03
5.720000e+02, 4.804694e+03
5.722500e+02, 4.773349e+03
5.725000e+02, 4.770049e+03
5.727500e+02, 4.796506e+03
5.730000e+02, 4.780441e+03
5.732500e+02, 4.714261e+03
5.735000e+02, 4.656137e+03
5.737500e+02, 4.693284e+03
5.740000e+02, 4.686380e+03
5.742500e+02, 4.696420e+03
5.745000e+02, 4.731494e+03
5.747500e+02, 4.703625e+03
5.750000e+02, 4.688113e+03
5.752500e+02, 4.714418e+03
5.755000e+02, 4.747785e+03
5.757500e+02, 4.708992e+03
5.760000e+02, 4.685394e+03
5.762500e+02, 4.655626e+03
5.765000e+02, 4.664324e+03
5.767500e+02, 4.677313e+03
5.770000e+02, 4.695833e+03
5.772500e+02, 4.689106e+03
5.775000e+02, 4.684955e+03
5.777500e+02, 4.660464e+03
5.780000e+02, 4.597215e+03
5.782500e+02, 4.586333e+03
5.785000e+02, 4.611395e+03
5.787500e+02, 4.598818e+03
5.790000e+02, 4.571877e+03
5.792500e+02, 4.552316e+03
5.795000e+02, 4.543971e+03
5.797500e+02, 4.566239e+03
5.800000e+02, 4.566303e+03
5.802500e+02, 4.560447e+03
5.805000e+02, 4.526318e+03
5.807500e+02, 4.497872e+03
5.810000e+02, 4.509889e+03
5.812500e+02, 4.511178e+03
5.815000e+02, 4.499305e+03
5.817500e+02, 4.500020e+03
5.820000e+02, 4.491739e+03
5.822500e+02, 4.498388e+03
5.825000e+02, 4.500019e+03
5.827500e+02, 4.479993e+03
5.830000e+02, 4.485228e+03
5.832500e+02, 4.480921e+03
5.835000e+02, 4.496287e+03
5.837500e+02, 4.494162e+03
5.840000e+02, 4.522636e+03
5.842500e+02, 4.496239e+03
5.845000e+02, 4.475615e+03
5.847500e+02, 4.464721e+03
5.850000e+02, 4.448439e+03
5.852500e+02, 4.450969e+03
5.855000e+02, 4.433414e+03
5.857500e+02, 4.420729e+03
5.860000e+02, 4.409485e+03
5.862500e+02, 4.448008e+03
5.865000e+02, 4.422140e+03
5.867500e+02, 4.389764e+03
5.870000e+02, 4.384470e+03
5.872500e+02, 4.397563e+03
5.875000e+02, 4.373869e+03
5.877500e+02, 4.357902e+03
5.880000e+02, 4.352908e+03
5.882500e+02, 4.385256e+03
5.885000e+02, 4.345369e+03
5.887500e+02, 4.317686e+03
5.890000e+02, 4.308419e+03
5.892500e+02, 4.331913e+03
5.895000e+02, 4.354006e+03
5.897500e+02, 4.378162e+03
5.900000e+02, 4.383697e+03
5.902500e+02, 4.378146e+03
5.905000e+02, 4.376236e+03
5.907500e+02, 4.351688e+03
5.910000e+02, 4.329972e+03
5.912500e+02, 4.331104e+03
5.915000e+02, 4.329527e+03
5.917500e+02, 4.317728e+03
5.920000e+02, 4.275697e+03
5.922500e+02, 4.201603e+03
5.925000e+02, 4.185596e+03
5.927500e+02, 4.201535e+03
5.930000e+02, 4.239262e+03
5.932500e+02, 4.242340e+03
5.935000e+02, 4.203284e+03
5.937500e+02, 4.208649e+03
5.940000e+02, 4.195044e+03
5.942500e+02, 4.200786e+03
5.945000e+02, 4.207838e+03
5.947500e+02, 4.209244e+03
5.950000e+02, 4.193242e+03
5.952500e+02, 4.175535e+03
5.955000e+02, 4.193093e+03
5.957500e+02, 4.236273e+03
5.960000e+02, 4.247746e+03
5.962500e+02, 4.201242e+03
5.965000e+02, 4.170137e+03
5.967500e+02, 4.164606e+03
5.970000e+02, 4.163351e+03
5.972500e+02, 4.129814e+03
5.975000e+02, 4.089057e+03
5.977500e+02, 4.091896e+03
5.980000e+02, 4.073958e+03
5.982500e+02, 4.049075e+03
5.985000e+02, 4.050582e+03
5.987500e+02, 4.038234e+03
5.990000e+02, 4.047007e+03
5.992500e+02, 4.068183e+03
5.995000e+02, 4.087094e+03
5.997500e+02, 4.122392e+03
6.000000e+02, 4.116814e+03
6.002500e+02, 4.132531e+03
6.005000e+02, 4.115013e+03
6.007500e+02, 4.123729e+03
6.010000e+02, 4.166728e+03
6.012500e+02, 4.127120e+03
6.015000e+02, 4.101092e+03
6.017500e+02, 4.065255e+03
6.020000e+02, 4.050934e+03
6.022500e+02, 4.064092e+03
6.025000e+02, 4.090516e+03
6.027500e+02, 4.084818e+03
6.030000e+02, 4.073230e+03
6.032500e+02, 4.049651e+03
6.035000e+02, 4.044068e+03
6.037500e+02, 4.018809e+03
6.040000e+02, 4.004765e+03
6.042500e+02, 4.028024e+03
6.045000e+02, 4.044058e+03
6.047500e+02, 4.023755e+03
6.050000e+02, 4.012079e+03
6.052500e+02, 4.033161e+03
6.055000e+02, 4.014117e+03
6.057500e+02, 3.960481e+03
6.060000e+02, 3.978186e+03
6.062500e+02, 3.988015e+03
6.065000e+02, 3.937739e+03
6.067500e+02, 3.908579e+03
6.070000e+02, 3.907762e+03
6.072500e+02, 3.913487e+03
6.075000e+02, 3.883929e+03
6.077500e+02, 3.890204e+03
6.080000e+02, 3.938851e+03
6.082500e+02, 3.935771e+03
6.085000e+02, 3.905484e+03
6.087500e+02, 3.901282e+03
6.090000e+02, 3.852302e+03
6.092500e+02, 3.842421e+03
6.095000e+02, 3.884551e+03
6.097500e+02, 3.907339e+03
6.100000e+02, 3.903574e+03
6.102500e+02, 3.909746e+03
6.105000e+02, 3.875417e+03
6.107500e+02, 3.848525e+03
6.110000e+02, 3.866486e+03
6.112500e+02, 3.884192e+03
6.115000e+02, 3.910440e+03
6.117500e+02, 3.917656e+03
6.120000e+02, 3.893284e+03
6.122500e+02, 3.878270e+03
6.125000e+02, 3.883169e+03
6.127500e+02, 3.858628e+03
6.130000e+02, 3.827635e+03
6.132500e+02, 3.856963e+03
6.135000e+02, 3.849489e+03
6.137500e+02, 3.794840e+03
6.140000e+02, 3.750857e+03
6.142500e+02, 3.747924e+03
6.145000e+02, 3.748388e+03
6.147500e+02, 3.748581e+03
6.150000e+02, 3.748315e+03
6.152500e+02, 3.777345e+03
6.155000e+02, 3.749673e+03
6.157500e+02, 3.723751e+03
6.160000e+02, 3.696047e+03
6.162500e+02, 3.708919e+03
6.165000e+02, 3.716011e+03
6.167500e+02, 3.688028e+03
6.170000e+02, 3.643818e+03
6.172500e+02, 3.688671e+03
6.175000e+02, 3.750777e+03
6.177500e+02, 3.752908e+03
6.180000e+02, 3.748391e+03
6.182500e+02, 3.719260e+03
6.185000e+02, 3.687760e+03
6.187500e+02, 3.657289e+03
6.190000e+02, 3.650771e+03
6.192500e+02, 3.635743e+03
6.195000e+02, 3.649555e+03
6.197500e+02, 3.664894e+03
6.200000e+02, 3.650163e+03
6.202500e+02, 3.643446e+03
6.205000e+02, 3.670871e+03
6.207500e+02, 3.667902e+03
6.210000e+02, 3.661482e+03
6.212500e+02, 3.702842e+03
6.215000e+02, 3.736098e+03
6.217500e+02, 3.745753e+03
6.220000e+02, 3.743161e+03
6.222500e+02, 3.732652e+03
6.225000e+02, 3.706343e+03
6.227500e+02, 3.661885e+03
6.230000e+02, 3.662398e+03
6.232500e+02, 3.701587e+03
6.235000e+02, 3.692091e+03
6.237500e+02, 3.678787e+03
6.240000e+02, 3.671554e+03
6.242500e+02, 3.650146e+03
6.245000e+02, 3.678857e+03
6.247500e+02, 3.664802e+03
6.250000e+02, 3.612484e+03
6.252500e+02, 3.577146e+03
6.255000e+02, 3.606583e+03
6.257500e+02, 3.582253e+03
6.260000e+02, 3.592475e+03
6.262500e+02, 3.610936e+03
6.265000e+02, 3.630911e+03
6.267500e+02, 3.639472e+03
6.270000e+02, 3.595695e+03
6.272500e+02, 3.570881e+03
6.275000e+02, 3.571451e+03
6.277500e+02, 3.563699e+03
6.280000e+02, 3.581198e+03
6.282500e+02, 3.604381e+03
6.285000e+02, 3.617644e+03
6.287500e+02, 3.593341e+03
6.290000e+02, 3.573117e+03
6.292500e+02, 3.532705e+03
6.295000e+02, 3.514854e+03
6.297500e+02, 3.526457e+03
6.300000e+02, 3.563505e+03
6.302500e+02, 3.555461e+03
6.305000e+02, 3.534536e+03
6.307500e+02, 3.534670e+03
6.310000e+02, 3.502800e+03
6.312500e+02, 3.475910e+03
6.315000e+02, 3.501281e+03
6.317500e+02, 3.484107e+03
6.320000e+02, 3.470496e+03
6.322500e+02, 3.464183e+03
6.325000e+02, 3.441115e+03
6.327500e+02, 3.449181e+03
6.330000e+02, 3.465813e+03
6.332500e+02, 3.465673e+03
6.335000e+02, 3.489262e+03
6.337500e+02, 3.561364e+03
6.340000e+02, 3.556841e+03
6.342500e+02, 3.479089e+03
6.345000e+02, 3.429967e+03
6.347500e+02, 3.420919e+03
6.350000e+02, 3.434702e+03
6.352500e+02, 3.439312e+03
6.355000e+02, 3.411420e+03
6.357500e+02, 3.378203e+03
6.360000e+02, 3.394639e+03
6.362500e+02, 3.401792e+03
6.365000e+02, 3.415231e+03
6.367500e+02, 3.402034e+03
6.370000e+02, 3.373673e+03
6.372500e+02, 3.348021e+03
6.375000e+02, 3.337323e+03
6.377500e+02, 3.388233e+03
6.380000e+02, 3.417517e+03
6.382500e+02, 3.403939e+03
6.385000e+02, 3.380826e+03
6.387500e+02, 3.362521e+03
6.390000e+02, 3.343329e+03
6.392500e+02, 3.332299e+03
6.395000e+02, 3.335452e+03
6.397500e+02, 3.352895e+03
6.400000e+02, 3.365395e+03
6.402500e+02, 3.395100e+03
6.405000e+02, 3.398670e+03
6.407500e+02, 3.403819e+03
6.410000e+02, 3.381545e+03
6.412500e+02, 3.385223e+03
6.415000e+02, 3.356510e+03
6.417500e+02, 3.279741e+03
6.420000e+02, 3.202444e+03
6.422500e+02, 3.249457e+03
6.425000e+02, 3.279445e+03
6.427500e+02, 3.294150e+03
6.430000e+02, 3.317225e+03
6.432500e+02, 3.318803e+03
6.435000e+02, 3.307395e+03
6.437500e+02, 3.279120e+03
6.440000e+02, 3.282658e+03
6.442500e+02, 3.303325e+03
6.445000e+02, 3.316084e+03
6.447500e+02, 3.331450e+03
6.450000e+02, 3.305663e+03
6.452500e+02, 3.301261e+03
6.455000e+02, 3.306373e+03
6.457500e+02, 3.312844e+03
6.460000e+02, 3.293019e+03
6.462500e+02, 3.274907e+03
6.465000e+02, 3.286729e+03
6.467500e+02, 3.302905e+03
6.470000e+02, 3.283775e+03
6.472500e+02, 3.299069e+03
6.475000e+02, 3.293381e+03
6.477500e+02, 3.251108e+03
6.480000e+02, 3.243713e+03
6.482500e+02, 3.260401e+03
6.485000e+02, 3.258912e+03
6.487500e+02, 3.239508e+03
6.490000e+02, 3.221133e+03
6.492500e+02, 3.202900e+03
6.495000e+02, 3.190429e+03
6.497500e+02, 3.184487e+03
6.500000e+02, 3.180507e+03
6.502500e+02, 3.184203e+03
6.505000e+02, 3.188154e+03
6.507500e+02, 3.184229e+03
6.510000e+02, 3.191809e+03
6.512500e+02, 3.260869e+03
6.515000e+02, 3.255952e+03
6.517500e+02, 3.227601e+03
6.520000e+02, 3.216478e+03
6.522500e+02, 3.190150e+03
6.525000e+02, 3.198785e+03
6.527500e+02, 3.227231e+03
6.530000e+02, 3.196459e+03
6.532500e+02, 3.172269e+03
6.535000e+02, 3.184084e+03
6.537500e+02, 3.203680e+03
6.540000e+02, 3.198191e+03
6.542500e+02, 3.166583e+03
6.545000e+02, 3.148718e+03
6.547500e+02, 3.140551e+03
6.550000e+02, 3.144777e+03
6.552500e+02, 3.183459e+03
6.555000e+02, 3.225890e+03
6.557500e+02, 3.215739e+03
6.560000e+02, 3.203689e+03
6.562500e+02, 3.196284e+03
6.565000e+02, 3.160695e+03
6.567500e+02, 3.172495e+03
6.570000e+02, 3.149703e+03
6.572500e+02, 3.124433e+03
6.575000e+02, 3.094737e+03
6.577500e+02, 3.105865e+03
6.580000e+02, 3.093275e+03
6.582500e+02, 3.027374e+03
6.585000e+02, 3.036801e+03
6.587500e+02, 3.090692e+03
6.590000e+02, 3.076056e+03
6.592500e+02, 3.046691e+03
6.595000e+02, 3.048788e+03
6.597500e+02, 3.046191e+03
6.600000e+02, 3.068179e+03
6.602500e+02, 3.069151e+03
6.605000e+02, 3.080598e+03
6.607500e+02, 3.060762e+03
6.610000e+02, 3.071978e+03
6.612500e+02, 3.076719e+03
6.615000e+02, 3.050677e+03
6.617500e+02, 3.046251e+03
6.620000e+02, 3.043035e+03
6.622500e+02, 3.040779e+03
6.625000e+02, 3.072115e+03
6.627500e+02, 3.090605e+03
6.630000e+02, 3.078632e+03
6.632500e+02, 3.069693e+03
6.635000e+02, 3.049939e+03
6.637500e+02, 3.029885e+03
6.640000e+02, 2.992179e+03
6.642500e+02, 2.962018e+03
6.645000e+02, 2.986858e+03
6.647500e+02, 3.009290e+03
6.650000e+02, 3.003197e+03
6.652500e+02, 2.995500e+03
6.655000e+02, 3.012355e+03
6.657500e+02, 3.025755e+03
6.660000e+02, 3.006053e+03
6.662500e+02, 3.011919e+03
6.665000e+02, 3.042612e+03
6.667500e+02, 3.042563e+03
6.670000e+02, 3.048303e+03
6.672500e+02, 3.026823e+03
6.675000e+02, 3.029671e+03
6.677500e+02, 3.039617e+03
6.680000e+02, 3.016337e+03
6.682500e+02, 3.000197e+03
6.685000e+02, 2.983644e+03
6.687500e+02, 2.967679e+03
6.690000e+02, 2.958356e+03
6.692500e+02, 2.951955e+03
6.695000e+02, 2.950385e+03
6.697500e+02, 2.941436e+03
6.700000e+02, 2.927723e+03
6.702500e+02, 2.917195e+03
6.705000e+02, 2.914861e+03
6.707500e+02, 2.907490e+03
6.710000e+02, 2.889360e+03
6.712500e+02, 2.898526e+03
6.715000e+02, 2.865242e+03
6.717500e+02, 2.858997e+03
6.720000e+02, 2.873181e+03
6.722500e+02, 2.859051e+03
6.725000e+02, 2.856312e+03
6.727500e+02, 2.834986e+03
6.730000e+02, 2.863054e+03
6.732500e+02, 2.844816e+03
6.735000e+02, 2.850394e+03
6.737500e+02, 2.880402e+03
6.740000e+02, 2.918914e+03
6.742500e+02, 2.921702e+03
6.745000e+02, 2.920975e+03
6.747500e+02, 2.925501e+03
6.750000e+02, 2.894164e+03
6.752500e+02, 2.841927e+03
6.755000e+02, 2.817309e+03
6.757500e+02, 2.822859e+03
6.760000e+02, 2.842388e+03
6.762500e+02, 2.837765e+03
6.765000e+02, 2.833351e+03
6.767500e+02, 2.861073e+03
6.770000e+02, 2.879598e+03
6.772500e+02, 2.898566e+03
6.775000e+02, 2.879494e+03
6.777500e+02, 2.872973e+03
6.780000e+02, 2.843232e+03
6.782500e+02, 2.823238e+03
6.785000e+02, 2.831731e+03
6.787500e+02, 2.827952e+03
6.790000e+02, 2.811809e+03
6.792500e+02, 2.819649e+03
6.795000e+02, 2.835052e+03
6.797500e+02, 2.814808e+03
6.800000e+02, 2.825144e+03
6.802500e+02, 2.836841e+03
6.805000e+02, 2.810877e+03
6.807500e+02, 2.775749e+03
6.810000e+02, 2.725803e+03
6.812500e+02, 2.710831e+03
6.815000e+02, 2.741319e+03
6.817500e+02, 2.731355e+03
6.820000e+02, 2.741822e+03
6.822500e+02, 2.753767e+03
6.825000e+02, 2.754179e+03
6.827500e+02, 2.766959e+03
6.830000e+02, 2.767617e+03
6.832500e+02, 2.779525e+03
6.835000e+02, 2.760249e+03
6.837500e+02, 2.731336e+03
6.840000e+02, 2.712063e+03
6.842500e+02, 2.725902e+03
6.845000e+02, 2.750827e+03
6.847500e+02, 2.741212e+03
6.850000e+02, 2.736524e+03
6.852500e+02, 2.724400e+03
6.855000e+02, 2.714558e+03
6.857500e+02, 2.712135e+03
6.860000e+02, 2.695605e+03
6.862500e+02, 2.681875e+03
6.865000e+02, 2.678675e+03
6.867500e+02, 2.698628e+03
6.870000e+02, 2.693811e+03
6.872500e+02, 2.693591e+03
6.875000e+02, 2.691734e+03
6.877500e+02, 2.707729e+03
6.880000e+02, 2.697860e+03
6.882500e+02, 2.699188e+03
6.885000e+02, 2.722452e+03
6.887500e+02, 2.705941e+03
6.890000e+02, 2.688113e+03
6.892500e+02, 2.695549e+03
6.895000e+02, 2.690378e+03
6.897500e+02, 2.675861e+03
6.900000e+02, 2.682938e+03
6.902500e+02, 2.666365e+03
6.905000e+02, 2.683675e+03
6.907500e+02, 2.695631e+03
6.910000e+02, 2.670929e+03
6.912500e+02, 2.664950e+03
6.915000e+02, 2.673609e+03
6.917500e+02, 2.656389e+03
6.920000e+02, 2.630143e+03
6.922500e+02, 2.621262e+03
6.925000e+02, 2.595120e+03
6.927500e+02, 2.589232e+03
6.930000e+02, 2.595063e+03
6.932500e+02, 2.616286e+03
6.935000e+02, 2.635053e+03
6.937500e+02, 2.656118e+03
6.940000e+02, 2.647926e+03
6.942500e+02, 2.619387e+03
6.945000e+02, 2.590778e+03
6.947500e+02, 2.598925e+03
6.950000e+02, 2.620193e+03
6.952500e+02, 2.607822e+03
6.955000e+02, 2.611776e+03
6.957500e+02, 2.630464e+03
6.960000e+02, 2.636956e+03
6.962500e+02, 2.631482e+03
6.965000e+02, 2.616177e+03
6.967500e+02, 2.608207e+03
6.970000e+02, 2.601938e+03
6.972500e+02, 2.580235e+03
6.975000e+02, 2.560797e+03
6.977500e+02, 2.585608e+03
6.980000e+02, 2.598881e+03
6.982500e+02, 2.593568e+03
6.985000e+02, 2.545439e+03
6.987500e+02, 2.515746e+03
6.990000e+02, 2.522146e+03
6.992500e+02, 2.543632e+03
6.995000e+02, 2.579814e+03
6.997500e+02, 2.614578e+03
7.000000e+02, 2.629520e+03
7.002500e+02, 2.609996e+03
7.005000e+02, 2.576921e+03
7.007500e+02, 2.567470e+03
7.010000e+02, 2.549160e+03
7.012500e+02, 2.541808e+03
7.015000e+02, 2.521474e+03
7.017500e+02, 2.544647e+03
7.020000e+02, 2.537139e+03
7.022500e+02, 2.541048e+03
7.025000e+02, 2.565862e+03
7.027500e+02, 2.554957e+03
7.030000e+02, 2.525536e+03
7.032500e+02, 2.550563e+03
7.035000e+02, 2.560295e+03
7.037500e+02, 2.534186e+03
7.040000e+02, 2.534707e+03
7.042500e+02, 2.520932e+03
7.045000e+02, 2.503715e+03
7.047500e+02, 2.490664e+03
7.050000e+02, 2.512735e+03
7.052500e+02, 2.518821e+03
7.055000e+02, 2.539094e+03
7.057500e+02, 2.515240e+03
7.060000e+02, 2.487169e+03
7.062500e+02, 2.494911e+03
7.065000e+02, 2.495564e+03
7.067500e+02, 2.484377e+03
7.070000e+02, 2.467285e+03
7.072500e+02, 2.448337e+03
7.075000e+02, 2.451209e+03
7.077500e+02, 2.467320e+03
7.080000e+02, 2.481755e+03
7.082500e+02, 2.485745e+03
7.085000e+02, 2.483425e+03
7.087500e+02, 2.484427e+03
7.090000e+02, 2.466580e+03
7.092500e+02, 2.464091e+03
7.095000e+02, 2.453336e+03
7.097500e+02, 2.445834e+03
7.100000e+02, 2.440681e+03
7.102500e+02, 2.438464e+03
7.105000e+02, 2.427644e+03
7.107500e+02, 2.426595e+03
7.110000e+02, 2.427231e+03
7.112500e+02, 2.415847e+03
7.115000e+02, 2.411122e+03
7.117500e+02, 2.406107e+03
7.120000e+02, 2.400368e+03
7.122500e+02, 2.418545e+03
7.125000e+02, 2.420699e+03
7.127500e+02, 2.413795e+03
7.130000e+02, 2.412139e+03
7.132500e+02, 2.411351e+03
7.135000e+02, 2.390757e+03
7.137500e+02, 2.400246e+03
7.140000e+02, 2.397973e+03
7.142500e+02, 2.403530e+03
7.145000e+02, 2.429224e+03
7.147500e+02, 2.408287e+03
7.150000e+02, 2.374607e+03
7.152500e+02, 2.378814e+03
7.155000e+02, 2.381239e+03
7.157500e+02, 2.408056e+03
7.160000e+02, 2.401155e+03
7.162500e+02, 2.388271e+03
7.165000e+02, 2.386968e+03
7.167500e+02, 2.361016e+03
7.170000e+02, 2.350131e+03
7.172500e+02, 2.345920e+03
7.175000e+02, 2.374306e+03
7.177500e+02, 2.384251e+03
7.180000e+02, 2.398926e+03
7.182500e+02, 2.386910e+03
7.185000e+02, 2.362022e+03
7.187500e+02, 2.357094e+03
7.190000e+02, 2.355375e+03
7.192500e+02, 2.377582e+03
7.195000e+02, 2.382960e+03
7.197500e+02, 2.389834e+03
7.200000e+02, 2.376497e+03
7.202500e+02, 2.350040e+03
7.205000e+02, 2.325555e+03
7.207500e+02, 2.327223e+03
7.210000e+02, 2.343645e+03
7.212500e+02, 2.347731e+03
7.215000e+02, 2.350102e+03
7.217500e+02, 2.326202e+03
7.220000e+02, 2.303044e+03
7.222500e+02, 2.313852e+03
7.225000e+02, 2.327620e+03
7.227500e+02, 2.330494e+03
7.230000e+02, 2.321387e+03
7.232500e+02, 2.321353e+03
7.235000e+02, 2.332541e+03
7.237500e+02, 2.305152e+03
7.240000e+02, 2.278106e+03
7.242500e+02, 2.257208e+03
7.245000e+02, 2.276903e+03
7.247500e+02, 2.295252e+03
7.250000e+02, 2.279478e+03
7.252500e+02, 2.267550e+03
7.255000e+02, 2.264189e+03
7.257500e+02, 2.271530e+03
7.260000e+02, 2.274673e+03
7.262500e+02, 2.285857e+03
7.265000e+02, 2.271937e+03
7.267500e+02, 2.279319e+03
7.270000e+02, 2.256771e+03
7.272500e+02, 2.257655e+03
7.275000e+02, 2.240343e+03
7.277500e+02, 2.255834e+03
7.280000e+02, 2.259500e+03
7.282500e+02, 2.289663e+03
7.285000e+02, 2.276168e+03
7.287500e+02, 2.250180e+03
7.290000e+02, 2.245042e+03
7.292500e+02, 2.227857e+03
7.295000e+02, 2.216732e+03
7.297500e+02, 2.227446e+03
7.300000e+02, 2.244795e+03
7.302500e+02, 2.248010e+03
7.305000e+02, 2.222967e+03
7.307500e+02, 2.212222e+03
7.310000e+02, 2.195617e+03
7.312500e+02, 2.205315e+03
7.315000e+02, 2.226492e+03
7.317500e+02, 2.230042e+03
7.320000e+02, 2.230149e+03
7.322500e+02, 2.225552e+03
7.325000e+02, 2.217182e+03
7.327500e+02, 2.225115e+03
7.330000e+02, 2.219702e+03
7.332500e+02, 2.205927e+03
7.335000e+02, 2.221311e+03
7.337500e+02, 2.204934e+03
7.340000e+02, 2.193023e+03
7.342500e+02, 2.194728e+03
7.345000e+02, 2.202116e+03
7.347500e+02, 2.194039e+03
7.350000e+02, 2.191286e+03
7.352500e+02, 2.217003e+03
7.355000e+02, 2.207056e+03
7.357500e+02, 2.194692e+03
7.360000e+02, 2.174758e+03
7.362500e+02, 2.158078e+03
7.365000e+02, 2.138726e+03
7.367500e+02, 2.121500e+03
7.370000e+02, 2.135653e+03
7.372500e+02, 2.151959e+03
7.375000e+02, 2.165024e+03
7.377500e+02, 2.170570e+03
7.380000e+02, 2.156955e+03
7.382500e+02, 2.145025e+03
7.385000e+02, 2.159404e+03
7.387500e+02, 2.177852e+03
7.390000e+02, 2.166106e+03
7.392500e+02, 2.162707e+03
7.395000e+02, 2.168202e+03
7.397500e+02, 2.160711e+03
7.400000e+02, 2.167408e+03
7.402500e+02, 2.180245e+03
7.405000e+02, 2.179813e+03
7.407500e+02, 2.159517e+03
7.410000e+02, 2.140456e+03
7.412500e+02, 2.125234e+03
7.415000e+02, 2.125432e+03
7.417500e+02, 2.132653e+03
7.420000e+02, 2.139802e+03
7.422500e+02, 2.136730e+03
7.425000e+02, 2.140142e+03
7.427500e+02, 2.128685e+03
7.430000e+02, 2.136434e+03
7.432500e+02, 2.149641e+03
7.435000e+02, 2.135333e+03
7.437500e+02, 2.117529e+03
7.440000e+02, 2.091055e+03
7.442500e+02, 2.090460e+03
7.445000e+02, 2.139588e+03
7.447500e+02, 2.143269e+03
7.450000e+02, 2.121764e+03
7.452500e+02, 2.101216e+03
7.455000e+02, 2.109566e+03
7.457500e+02, 2.087641e+03
7.460000e+02, 2.089641e+03
7.462500e+02, 2.116556e+03
7.465000e+02, 2.129423e+03
7.467500e+02, 2.115570e+03
7.470000e+02, 2.095264e+03
7.472500e+02, 2.082377e+03
7.475000e+02, 2.068779e+03
7.477500e+02, 2.076235e+03
7.480000e+02, 2.083870e+03
7.482500e+02, 2.058494e+03
7.485000e+02, 2.035994e+03
7.487500e+02, 2.039451e+03
7.490000e+02, 2.054835e+03
7.492500e+02, 2.047091e+03
7.495000e+02, 2.043598e+03
7.497500e+02, 2.073764e+03
7.500000e+02, 2.076960e+03
7.502500e+02, 2.058136e+03
7.505000e+02, 2.066668e+03
7.507500e+02, 2.055425e+03
7.510000e+02, 2.038591e+03
7.512500e+02, 2.079201e+03
7.515000e+02, 2.063522e+03
7.517500e+02, 2.035907e+03
7.520000e+02, 2.057023e+03
7.522500e+02, 2.049528e+03
7.525000e+02, 2.021378e+03
7.527500e+02, 2.005176e+03
7.530000e+02, 2.014200e+03
7.532500e+02, 2.043926e+03
7.535000e+02, 2.059573e+03
7.537500e+02, 2.050026e+03
7.540000e+02, 2.037560e+03
7.542500e+02, 2.053969e+03
7.545000e+02, 2.013635e+03
7.547500e+02, 1.992785e+03
7.550000e+02, 1.969923e+03
7.552500e+02, 1.984124e+03
7.555000e+02, 2.011208e+03
7.557500e+02, 2.010801e+03
7.560000e+02, 2.010952e+03
7.562500e+02, 2.000746e+03
7.565000e+02, 2.012634e+03
7.567500e+02, 2.017859e+03
7.570000e+02, 2.002724e+03
7.572500e+02, 2.006017e+03
7.575000e+02, 1.983270e+03
7.577500e+02, 1.994288e+03
7.580000e+02, 2.012787e+03
7.582500e+02, 1.988898e+03
7.585000e+02, 1.959712e+03
7.587500e+02, 1.969265e+03
7.590000e+02, 1.955939e+03
7.592500e+02, 1.928309e+03
7.595000e+02, 1.927752e+03
7.597500e+02, 1.934871e+03
7.600000e+02, 1.952600e+03
7.602500e+02, 1.979845e+03
7.605000e+02, 1.980320e+03
7.607500e+02, 1.976296e+03
7.610000e+02, 1.974353e+03
7.612500e+02, 1.963967e+03
7.615000e+02, 1.961391e+03
7.617500e+02, 1.956458e+03
7.620000e+02, 1.962593e+03
